"finding_id","golden_case_id","category_primary","categories_secondary","severity","source_sha256","sheet","floor","room_or_area","drawing_coordinates","screenshots_crops","expected_behavior","actual_behavior","evidence","reproduction_steps","pipeline_stage","suspected_cause","cause_status","confidence","deterministic","affected_files_functions","existing_test_coverage","recommended_milestone","reviewer_status","refresh_classification","current_location","current_quote","tests_now","owner_milestone","refresh_note"
"RD-M1-F001","GC-01","H. CAD Apply - missing dependency","G. Workflow - stale/absolute path persisted","High","66043c11fab9eaf5a1768ba24ed924821baecec3b6726ee70f6c529300ceec21","FA 101","3RD BASEMENT","Pump Room","first failing insert: model (714.565, 157.0897) rot 270 (CT2 FOR ELECTRIC PUMP)","crops/GC01-R02-pumproom-drawn-B-plan.png","Apply loads the CT1/CT2/CR library blocks from the library folder of the code that is running and saves the redesigned copy.","Jobs 119 and 121 failed: AutoCAD 'CT2.dwg: Can't find file in search path ... *Invalid* ; error: Function cancelled'; no DWG produced. CT2.dwg exists in the running copy's library.","Original script line 51 (= E01 line 53) inserts ""CT2=<PC-A user profile>/OneDrive - <org>/Desktop/dev/ep-platform/backend/app/redesign/library/CT2.dwg""; that path does not exist on PC-B. E05: exactly 6 interface changes carry the PC-A path, all moved=True & edited=True; 5 are approved (drawn). 145+2 others carry the G: path. E02 jobs 119/121 error; E13 worker log; E16: work-1/redesign.dwg sha256 = source sha256 (never saved).","Offline: open evidence/E05-library-paths.json; filter status=approved -> 5 entries with a PC-A library path; the first drawn (script order) is if:e9335f7e336e:CT21. Compare with original script lines 51/60/69/78/87 (PC-A path) vs 96/105 (G path) = E01 lines 53/62/71/80/89 vs 98/107.","20/21 CAD script generation / block-library dependency loading","_module_symbols stores an absolute resolved library path in each change (service.py:435). plan() keeps engineer-moved/edited changes verbatim (service.py:1134) and _merge_interfaces keeps moved/edited modules' old insert (service.py:600-614). refresh() at Apply only re-places interface changes whose library key is MISSING, not unreachable (service.py:1312-1314). script_lines emits the stored path (cad.py:114-117). The DB and uploads were copied from PC-A to PC-B.","CONFIRMED (code + preserved script + DB)","High","Yes - every Apply on any PC where the stored PC-A path is absent","service.py:435, 600-614, 1134, 1312-1314; cad.py:114-121","test_a_library_block_is_brought_in_from_its_file_only_by_the_first_insert_and_noted (does not cover stale/missing paths)","RD-M2 (proposed)","UNREVIEWED - awaiting independent RD-M1 review","STILL OPEN","backend/app/redesign/service.py:435
backend/app/redesign/service.py:629-632
backend/app/redesign/service.py:1184-1185
backend/app/redesign/service.py:1430-1432
backend/app/redesign/cad.py:114-117
backend/app/redesign/service.py:513-523","service.py:435  ""library"": (LIBRARY / f""{code}.dwg"").resolve().as_posix()
service.py:1430-1432  not c[""insert""].get(""library"")","test_redesign.py::test_a_library_block_is_brought_in_from_its_file_only_by_the_first_insert_and_noted
test_redesign.py::test_interface_modules_are_the_samples_blocks_as_big_on_paper_and_drawn_only_once_approved
test_fa_evidence.py::test_C4_kept_interface_changes_are_restored_byte_for_byte  [not in the 116-test run]
(no test of a stale or missing library path)","M5","RD-M2 change 1 (resolve from running library) absent, S6 Table B. New code makes the stale path more durable: `keep_interfaces/restore_kept` `backend/app/redesign/service.py:513-523`. A script-time resolve is the fix. Static decisive; the AutoCAD ""Function cancelled"" outcome needs AutoCAD (S6 section 6). Not run here: the AutoCAD ""Function cancelled"" outcome needs AutoCAD (S6 section 6)."
"RD-M1-F002","GC-01","G. Workflow - wrong status","H. generated result differs from plan; AI unapproved output drawn","Critical","66043c11fab9eaf5a1768ba24ed924821baecec3b6726ee70f6c529300ceec21","-","-","-","-","-","Only changes an engineer approved are made on the redesigned DWG (the page labels review changes in status 'proposed' as 'Placed, to approve').","_drawn() makes every review-sourced change in status 'proposed' as well as approved ones. The change itself was accepted by an engineer in the Drawings Review; what is unapproved is the AI's placement / symbol / erase target; only interface modules wait for approval. UI line 292 labels the proposed count 'Placed, to approve'.","service.py:667-671; ProjectRedesignPage.tsx:292 and :461 ('drawn once approved' shown only for interface modules). Current state: 0 review changes are proposed (4 approved, 27 skipped - E03), so the CURRENT Apply set is not affected; earlier Apply outputs (jobs 103-118, E02) cannot be checked because applied DWGs were not rendered in RD-M1.","Read service.py:667-671; test_interface_modules_are_the_samples_blocks_as_big_on_paper_and_drawn_only_once_approved asserts the same rule for modules only.","18/19 approval state -> Apply job input","Design choice in _drawn(); the UI wording implies approval is required.","CONFIRMED (code)","High","Yes","service.py:667-671, 1377; frontend/src/pages/ProjectRedesignPage.tsx:292","test_interface_modules_are_the_samples_blocks_as_big_on_paper_and_drawn_only_once_approved (asserts module rule; no test that unapproved review changes are excluded)","RD-M2 (proposed)","UNREVIEWED - awaiting independent RD-M1 review","STILL OPEN","backend/app/redesign/service.py:695-701
backend/app/redesign/service.py:1496
backend/app/redesign/service.py:1378
backend/app/redesign/service.py:1550","service.py:695-701  proposed = (c[""status""] == ""proposed"" and c.get(""source"") not in (INTERFACE, PR.COVERAGE) and (c.get(""check"") or {}).get(""verdict"") != ""reject"")
service.py:695-701  return (c[""status""] == ""approved"" or proposed) and bool(c.get(""remove"") or c.get(""insert""))","test_redesign.py::test_interface_modules_are_the_samples_blocks_as_big_on_paper_and_drawn_only_once_approved
test_drawing_prep.py::test_a_detector_added_for_coverage_or_rejected_by_the_orchestrator_is_drawn_only_once_approved
(both pin the current behavior, not an approved-only rule)","M5","S6 class qualifier: narrowed, tests pin it. What narrowed since RD-M1: a change the orchestrator marked `reject`, and coverage-added detectors, now need approval. Still drawn while `proposed`: review changes with verdict `ok`, `check`, or no verdict (agents off, or review failed). RD-M2 change 4 absent. Owner decision A (RD-M1 handoff) is still the open question. See S6 Table C for the page wording."
"RD-M1-F003","GC-01","F. AI behaviour - unsupported answer accepted","B. wrong action/target; C. wrong room","Critical","66043c11fab9eaf5a1768ba24ed924821baecec3b6726ee70f6c529300ceec21","FA 105","1ST PODIUM","ELECTRICAL ROOM -> erase target in LIFT LOBBY","review point page (655.0, 669.6); erase target handle 5DD10 page (761.45, 656.6), model (1309.45, 155.68); ~107 pt = ~6.6 m apart","crops/GC01-R06-remove-cross-room-A-source.png; crops/GC01-R06-remove-cross-room-B-plan.png","REMOVE 'ceiling mounted speaker (CS) from electrical room' erases a CS in that room, or fails/asks when none is there.","Model answered candidate 11 with confidence low and note 'Electrical room has only smoke detector #1 and light #2; nearest CS #11 is in lift lobby.' The platform accepted it and set remove = Ceiling Speaker handle 5DD10, erasable=True. Engineer skipped it.","E06 change d89599d510abfedf (ai, remove, candidates); crop R06 shows the red X on the lift-lobby CS, not in the electrical room.","evidence/E06-review-changes.json -> id d89599d510abfedf; ai.candidate=11, remove.handle=5DD10; candidates[10].page.","12/13 AI placement proposal -> deterministic conversion","read_answer keeps any in-range candidate regardless of confidence or note (ai.py:58-81, line 74); _place sets remove from the candidate with no room-membership check (service.py:762-766). Combined with F002, an unskipped low-confidence REMOVE in status proposed would be erased on Apply.","CONFIRMED (code + stored answer)","High","Yes for the stored answer (model answer itself is not deterministic)","ai.py:58-81; service.py:749-766, 667-671","test_the_answer_is_kept_only_where_it_is_well_formed (format only)","RD-M2 (drawn-set gate) + later AI-validation milestone (proposed)","UNREVIEWED - awaiting independent RD-M1 review","STILL OPEN","backend/app/redesign/ai.py:74
backend/app/redesign/ai.py:79
backend/app/redesign/service.py:811
backend/app/redesign/service.py:699-700
backend/app/redesign/prepare.py:125
backend/app/redesign/prepare.py:629-647","redesign/ai.py:74  ""candidate"": candidate if 1 <= candidate <= candidates else 0
service.py:811  change[""remove""] = {k: candidate[k] for k in (""n"", ""handle"", ...)}","test_redesign.py::test_the_answer_is_kept_only_where_it_is_well_formed
test_drawing_prep.py::test_a_detector_added_for_coverage_or_rejected_by_the_orchestrator_is_drawn_only_once_approved
test_drawing_prep.py::test_with_the_agents_off_a_change_goes_to_the_reviews_point_with_the_drawings_symbol_named_like_it
test_drawing_prep.py::test_the_gate_is_the_platforms_count","M5 + M12","S6 class qualifier: AI-dependent mitigation only. Exposure now depends on a model verdict: `PR._review_input` (`backend/app/redesign/prepare.py:629-647`) gives the orchestrator `placement_confidence` and `placement_note` and its system prompt says reject ""a REMOVE of a device that is not the one meant"" (`agents.py` REVIEW_SYSTEM). Not deterministic; `check` verdicts are still drawn. New exposure: with agents off `backend/app/redesign/prepare.py:125` `candidate = (named or change[""candidates""])[0][""n""]` picks the first (nearest) candidate even if no name matches, with no orchestrator at all. `prep_ai_enabled` defaults False (`config.py:425`). Owner split per S6: M5 (drawn-set gate), M12 (answer validation)."
"RD-M1-F004","GC-01","H. CAD Apply - invalid script on error","H. generated result differs from plan; original-content-in-copy deletion risk","High","66043c11fab9eaf5a1768ba24ed924821baecec3b6726ee70f6c529300ceec21","-","-","-","-","-","A failed insert stops the script (or is detected) before any other entity is touched.","Each insert is followed unconditionally by (setq ep_f (cdr (assoc 41 (entget (entlast))))) and (entdel (entlast)). If an -INSERT fails, (entlast) is the previously created entity - a marker label, or, if the first insert of the script fails, the last entity of the original drawing - and it is deleted from the copy. AutoCAD script processing may continue after a LISP error.","cad.py:118-121; original script lines 51-54 (= E01 lines 53-56). In job 121 the copy was not saved (E16 work-1/redesign.dwg hash = source), so no corrupted output exists; the continuation behaviour after the error was not reproduced.","Static: read cad.py:118-121 and E01. Dynamic reproduction requires running AutoCAD on an isolated copy - NOT done in RD-M1 (see DATA-SAFETY-REPORT).","20/22 CAD script generation / AutoCAD execution","No success check between the measuring insert and entdel.","CONFIRMED (code); consequence SUSPECTED (not reproduced)","Medium","Yes (given an insert failure)","cad.py:118-122","test_the_autocad_script_erases_inserts_at_the_true_scale_and_marks_each_change (text of script only)","RD-M2 (proposed)","UNREVIEWED - awaiting independent RD-M1 review","STILL OPEN","backend/app/redesign/cad.py:119-121","cad.py:119-121  (setq ep_f (cdr (assoc 41 (entget (entlast)))))  then  (entdel (entlast))","test_redesign.py::test_the_autocad_script_erases_inserts_at_the_true_scale_and_marks_each_change
(script text only; no guard)","M5","`cad.py` hash equals the RD-M1 base. RD-M2 fail-closed AutoLISP (`ep_new_insert`, `ep_erase`) absent. AutoCAD continuation after a LISP error still unobserved."
"RD-M1-F005","GC-01","A. Source and extraction - wrong layer interpretation","C. not on wall (downstream)","High","66043c11fab9eaf5a1768ba24ed924821baecec3b6726ee70f6c529300ceec21","all 17 plan sheets (one wall index per drawing)","-","-","-","renders/GC01-R01-sheet-FA101-B-plan.png (orange = wall index)","The wall index contains wall faces only.","Of 92,093 indexed segments only 9,461 (~10%, by RAW layer; the effective layer of the 28,491 raw-layer-'0' segments was not determined in bulk) are on an explicit wall layer (06-WALL); 4,351 (4.7%) come from entities with the DXF invisible flag (group 60) set, 3,973 of them on raw layer '0' (found by the independent reviewer, re-run by the producer: evidence/scripts/invisible_flag.py); and cabinets (02-CAB 17,776), glass, lifts, hidden lines (21-HIDDEN), ramps, fixtures, car stoppers, wall tiles and a frozen layer (X-REF_PLOT$0$A-NORTH, 342) are included. Probe at the 'wall' used by two approved modules: layer '0' inside anonymous block *U442 whose effective layer is X-REF_ FILE ALL FLOORS PLANS$0$29-PARKING - a layer the NOT_WALLS filter would exclude by name.","E10 (wall-index layers), E11 (effective layers of probe segments); walls.py:25-26,164.","Copy evidence/scripts/*.py to ISO/scripts (they resolve the DXF as ISO/src/EP-30880/source.dxf and write to ISO/work, relative to their own folder), copy the source DXF there, then run wall_layers.py, effective_layer.py and invisible_flag.py (REPRODUCTION-RUNBOOK section 1 and step 6).","8 wall extraction and caching","walls.build filters on the decomposed entity's raw layer (walls.py:164); recursive_decompose keeps '0' for block content instead of the INSERT's layer; layer on/frozen/plot state, viewport freeze and the entity invisible flag (walls.py:159-170 never reads dxf.invisible) are not considered; the filter is a deny-list.","CONFIRMED (code + DXF attribution)","High","Yes","walls.py:25-27, 151-187","test_a_module_goes_on_the_nearest_real_wall_turned_to_it_past_an_equipment_outline (synthetic Walls only)","RD-M3 geometry (proposed)","UNREVIEWED - awaiting independent RD-M1 review","STILL OPEN","backend/app/redesign/walls.py:25-26
backend/app/redesign/walls.py:159
backend/app/redesign/walls.py:164","walls.py:25-26  NOT_WALLS = re.compile(r""GRID|AXIS|DIM|..."")
walls.py:164  if NOT_WALLS.search(entity.dxf.get(""layer"", """") or """"):","test_redesign.py::test_a_module_goes_on_the_nearest_real_wall_turned_to_it_past_an_equipment_outline
test_drawing_prep.py::test_a_room_is_filled_inside_its_walls_its_door_closed_and_a_pump_sets_outline_not_a_wall
(both synthetic walls)","M8","`walls.py` unchanged since RD-M1. The new room/coverage code (`coverage.room_at(walls, ...)`) is built on this index, so it inherits the defect (roadmap section 3 says the same)."
"RD-M1-F006","GC-01","C. Placement - not on wall / outside room","E. clash with architectural element","High","66043c11fab9eaf5a1768ba24ed924821baecec3b6726ee70f6c529300ceec21","FA 101","3RD BASEMENT","Pump Room / parking bay","CT2 FOR ELECTRIC PUMP seen model (714.763, 157.090) approx.; CT2 FOR ZCV seen (714.351, 162.0)","crops/GC01-R02-pumproom-drawn-A-source.png; crops/GC01-R02-pumproom-drawn-B-plan.png","A wall-mounted module is fixed on a real wall face of the room its equipment is in.","Two APPROVED modules (drawn by Apply) are mounted on parking-block geometry admitted through raw layer '0' (effective layer 29-PARKING, which NOT_WALLS would exclude) - F005: CT2 FOR ELECTRIC PUMP stands in the pump room floor ~1.3 m inside the room's west wall; CT2 FOR ZCV stands outside the pump room, between parking bays. AI-proposed visual finding, corroborated by the wall-index geometry.","E07 (if:e9335f7e336e:CT21 moved=True on_wall=True; if:d6137c203008:CT21 approved on_wall=True); crop R02 A vs B (no line plotted there - visual); E11 probe 'invisible-rect-left-edge'. Note: E11 'visible' reflects LAYER state only (on/frozen/plot); it does not read the entity invisible flag or viewport freeze. The segment under CT2 FOR ZCV (y 161.288-162.588) has invisible=1; the segment under CT2 FOR ELECTRIC PUMP (y 156.288-158.788) has invisible=0, so why it does not plot is UNEXPLAINED (independent review).","Render crop R02 (REPRODUCTION-RUNBOOK step 5) and compare A/B; the orange segment the modules sit on has no plotted line in A.","13/14 deterministic placement (module wall snap) + coordination","_nearest_wall / _place_module snap to the nearest indexed face (service.py:455-500) which here is parking-block geometry.","CONFIRMED: modules sit on parking-block geometry (data + code). Not plotting: PROPOSED (visual), explained by the invisible flag for the ZCV segment only. Engineering judgement: PROPOSED (AI)","High (geometry) / Medium (engineering judgement)","Yes","service.py:455-500; walls.py:151-187","none","RD-M3 geometry (proposed)","UNREVIEWED - awaiting independent RD-M1 review","STILL OPEN","backend/app/redesign/service.py:455-469
backend/app/redesign/service.py:485-500","service.py:455-469  _nearest_wall snaps to walls.faces_behind(...) (nearest indexed face, no layer test of its own)","test_redesign.py::test_a_module_goes_on_the_nearest_real_wall_turned_to_it_past_an_equipment_outline
(synthetic)","M8","Instance (two approved CT2 on parking geometry) needs the GC-01 plan re-run to see whether the interface anchor change (F007) moved them; see S6 section 6."
"RD-M1-F007","GC-01","E. Coordination - wrong cross-discipline transformation","C. outside room/building","High","66043c11fab9eaf5a1768ba24ed924821baecec3b6726ee70f6c529300ceec21","FA 101 (also other sheets - not enumerated)","3RD BASEMENT","outside PLOT LIMIT","see E07 anchor_model of CR B3-SEF-1, B3-SEF-3, B3-SEF-4","renders/GC01-R01-sheet-FA101-B-plan.png; crops/GC01-R04-FA101-left-edge-B-plan.png; crops/GC01-R05-FA101-right-edge-B-plan.png","An interface module is placed beside its equipment inside the building.","On FA 101, proposed modules CR B3-SEF-1 and CR B3-SEF-3 are placed outside the PLOT LIMIT boundary wall and CR B3-SEF-4 against the sheet frame line beside the legend; their anchors (red rings) are themselves outside the building. Status proposed (not drawn unless approved). AI-proposed visual finding.","Renders R01/R04/R05; E07 anchors; interfaces/service.py:621 uses the trade drawing's own model point; redesign/service.py:527-529 maps it straight onto this drawing's sheets.","Render R01 and R04/R05; read E07 for the three modules.","9/10 interface schedule ingestion -> module identification/anchoring","The trades' drawings are assumed to share the FA drawing's coordinates (service.py:381-393 comment block); no transform or plausibility check. Alternative: the trade label read is not at the fan's location.","SUSPECTED (shared-coordinates assumption not verified; no registration check exists - confirmed by code)","Medium","Yes","interfaces/service.py:618-621; redesign/service.py:503-560","test_a_typical_plans_floors_get_one_module_each_item_stacked_and_the_unplaceable_listed (synthetic)","RD-M3 geometry (proposed)","UNREVIEWED - awaiting independent RD-M1 review","STILL OPEN","backend/app/redesign/service.py:384-386
backend/app/redesign/service.py:550-551
backend/app/review/pages.py:110
backend/app/interfaces/service.py:1116
backend/app/interfaces/service.py:1440","service.py:550-551  px, py = _page(sh[""geometry""], *anchor)  then  if sh[""plan""][0] <= px <= sh[""plan""][2] ...
review/pages.py:110  plan = (w * 0.02, h * 0.02, panel, h * 0.98)","test_redesign.py::test_a_typical_plans_floors_get_one_module_each_item_stacked_and_the_unplaceable_listed
(synthetic)","M8","S6 class qualifier: anchor source changed; shared-coordinates assumption unchanged. Changed since RD-M1: the row anchor is now the settled equipment symbol's centre, or None -> ""no drawn position"" (`interfaces/service.py:1116` `equipment_anchor`, `:1440` `rows[-1][""anchor""] = rows[-1].get(""equipment_anchor"")`; association rules in `interfaces/geometry.py` `associate`). That addresses the ""label is not at the fan"" alternative only. The cross-drawing coordinate assumption and the lack of a building-outline check are untouched, so an anchor outside the PLOT LIMIT still passes."
"RD-M1-F008","GC-01","E. Coordination - model incomplete","E. symbol-text, note, door/window, other discipline; D. ceiling coordination","High","66043c11fab9eaf5a1768ba24ed924821baecec3b6726ee70f6c529300ceec21","-","-","-","-","crops/GC01-R02-pumproom-drawn-B-plan.png; crops/GC01-R11-roof-left-cluster-B-plan.png; crops/GC01-R06-remove-cross-room-B-plan.png","New symbols and notes are kept clear of existing text, notes, doors and swings, windows, equipment, other disciplines and existing devices.","coordinate() checks only (a) new placed symbols/notes against each other and (b) existing device symbols that happen to be in some change's candidate list (the 15 nearest within 8 m), each as a fixed 0.25 m square. Existing text, notes, door swings, windows, equipment, ceilings and other disciplines are not inputs.","service.py:880-1060 (existing set 899-905; clear() 920-936; EXISTING_RADIUS_M 825).","Read code; instances F009-F011.","14 coordination","Coordination inputs limited by design.","CONFIRMED (code)","High","Yes","service.py:824-1060","test_coordination_is_always_done_the_engineers_moves_and_the_modules_notes_included; test_two_devices_at_one_wall_share_it_side_by_side_without_passing_its_corner","RD-M4 coordination (proposed)","UNREVIEWED - awaiting independent RD-M1 review","STILL OPEN","backend/app/redesign/service.py:947-950
backend/app/redesign/service.py:976
backend/app/redesign/service.py:982","service.py:976  if columns is not None and columns.hit(mine[0], GAP_M): return False
service.py:947-950  existing[c[""page""]][k[""handle""]] = tuple(k[""model""])","test_redesign.py::test_coordination_is_always_done_the_engineers_moves_and_the_modules_notes_included
test_redesign.py::test_two_devices_at_one_wall_share_it_side_by_side_without_passing_its_corner
test_drawing_prep.py::test_the_coordination_moves_a_ceiling_device_off_a_column_and_a_wall_device_along_its_wall
test_drawing_prep.py::test_a_detector_spot_keeps_off_the_columns","M8","S6 class qualifier: columns added as an input. Columns (6 Oct 2026, `coverage.py`, `PR.columns`) narrow the finding; nothing else changed. Owner per orchestrator decision (a): M8 owns coordination; M12 owns only the rendered visual check. RD-M1 said ""RD-M4 coordination (proposed)""."
"RD-M1-F009","GC-01","E. Coordination - symbol-text overlap","","Medium","66043c11fab9eaf5a1768ba24ed924821baecec3b6726ee70f6c529300ceec21","FA 101","3RD BASEMENT","Pump Room","-","crops/GC01-R02-pumproom-drawn-B-plan.png","Approved heat detector and IP-rated emergency light clear of the room label.","Approved changes 3ddaa99cd7374341 (heat detector, engineer-moved) and 45efbfb70918a4f0 (E WP, engineer-moved) sit on/against the 'PUMP ROOM' label. AI-proposed visual finding.","Crop R02; E06 insert.seen for both.","Render R02.","14 coordination","Text not a coordination input (F008).","CONFIRMED cause class (F008); instance PROPOSED (visual)","Medium","Yes","service.py:880-1060","none","RD-M4 coordination (proposed)","UNREVIEWED - awaiting independent RD-M1 review","STILL OPEN","backend/app/redesign/service.py:925-1108","No code line quoted in S6 (absence): text is not a coordination input (service.py:925-1108)","none","M8","Instance (heat detector and IP emergency light on ""PUMP ROOM"" label) needs a fresh render of the GC-01 plan (R02). Owner per orchestrator decision (a): M8; M12 owns only the rendered visual check of the instance. RD-M1 said ""RD-M4 coordination (proposed)""."
"RD-M1-F010","GC-01","E. Coordination - note overlap","E. clash with equipment","Medium","66043c11fab9eaf5a1768ba24ed924821baecec3b6726ee70f6c529300ceec21","FA 101","3RD BASEMENT","Pump Room","-","crops/GC01-R02-pumproom-drawn-B-plan.png (pink = note footprint)","Module notes ('FOR ...') readable and clear of equipment and other annotation.","Approved module notes run ~3.0-3.9 m across the pump room (e.g. 'FOR DIESEL PUMP' 15 chars x 0.306 m x 0.85) over the pump area and dashed lines; the ZCV note runs into a parking bay. AI-proposed visual finding; footprint computed from service._note/_footprint.","Crop R02; note height in E07 / code service.py:830-873.","Render R02.","14 coordination","Notes are only checked against other new placements.","CONFIRMED cause class (F008); instance PROPOSED (visual)","Medium","Yes","service.py:830-873","none","RD-M4 coordination (proposed)","UNREVIEWED - awaiting independent RD-M1 review","STILL OPEN","backend/app/redesign/service.py:875-918
backend/app/redesign/service.py:975","service.py:875-918  note length len(text) * h * CHAR_WIDTH (0.85)
service.py:975  comment ""its note may run past one""","none","M8","Owner per orchestrator decision (a): M8; M12 owns only the rendered visual check of the instance. RD-M1 said ""RD-M4 coordination (proposed)""."
"RD-M1-F011","GC-01","C. Placement - in door swing / on opening","E. note overlap","Medium","66043c11fab9eaf5a1768ba24ed924821baecec3b6726ee70f6c529300ceec21","FA 117; FA 105","ROOF; 1ST PODIUM","Roof pump room door; electrical room door","-","crops/GC01-R11-roof-left-cluster-B-plan.png; crops/GC01-R06-remove-cross-room-B-plan.png","No module or note on a door, its swing or its tag.","Proposed module CR for SD on FA 117 sits on the pump-room door symbol and its door tag; on FA 105 a proposed CR SD module's note runs through the electrical-room door swing and tag. Status proposed (not drawn unless approved). AI-proposed visual finding.","Crops R11, R06.","Render R06/R11.","13/14 placement/coordination","Door/window layers are excluded from the wall index and not otherwise modelled.","CONFIRMED cause class (F008: doors excluded); instance PROPOSED (visual)","Medium","Yes","walls.py:25-26; service.py:880-1060","none","RD-M4 coordination (proposed)","UNREVIEWED - awaiting independent RD-M1 review","STILL OPEN","backend/app/redesign/walls.py:25-26
backend/app/redesign/service.py:925-1108","walls.py:25-26  ...|DOOR|WIN|...  (door and window layers excluded from the wall index; nothing models door swings or tags as obstacles, service.py:925-1108)","none","M8","Instances on FA 117 and FA 105 (R11, R06) need a re-render. Owner per orchestrator decision (a): M8; M12 owns only the rendered visual check of the instance. RD-M1 said ""RD-M4 coordination (proposed)""."
"RD-M1-F012","GC-01","E. Coordination - unresolved clash not reported","","Medium","66043c11fab9eaf5a1768ba24ed924821baecec3b6726ee70f6c529300ceec21","-","-","-","-","-","A symbol that cannot be cleared is flagged to the engineer.","When slide, side-by-side and next-wall fail (and for non-module wall devices the free search is skipped), the change is appended to the fixed set unchanged with no flag (service.py:1044-1059).","Code.","Read service.py:1013-1060.","14 coordination","No 'unresolved' state.","CONFIRMED (code)","High","Yes","service.py:1013-1060","none","RD-M4 coordination (proposed)","UNREVIEWED - awaiting independent RD-M1 review","STILL OPEN","backend/app/redesign/service.py:1108
backend/app/redesign/prepare.py:739-773","service.py:1108  fixed[c[""page""]].append(c)  (after every move search fails, no flag)","none","M8","Owner per orchestrator decision (a): M8 (the rendered visual check, if any, is M12). RD-M1 said ""RD-M4 coordination (proposed)""."
"RD-M1-F013","GC-01","F. AI behaviour - unsupported orientation","C. wrong orientation","Medium","66043c11fab9eaf5a1768ba24ed924821baecec3b6726ee70f6c529300ceec21","multiple","-","-","-","crops/GC01-R09-lift-lobby-FTJ-B-plan.png","Wall devices are oriented from verified geometry; uncertain orientation is held for the engineer.","15 of 31 review-change answers state that the rotation/facing convention is uncertain or assumed; the platform still converts the stated facing into a rotation and marks the change proposed.","E06 notes (ids listed in E04/E06); service.py:195-202, 146-162.","grep 'rotation' in E06 notes.","12/13 AI proposal -> conversion","Facing inferred from block geometry heuristics; AI uncertainty not gating.","CONFIRMED (stored answers + code)","High","Yes for stored answers","service.py:146-202; ai.py:15-40","none","AI-validation milestone (proposed)","UNREVIEWED - awaiting independent RD-M1 review","STILL OPEN","backend/app/redesign/service.py:195-202
backend/app/redesign/ai.py:71
backend/app/redesign/service.py:866","service.py:866  change[""status""] = ""proposed""  (after the conversion)
ai.py:71  facing = data.get(""facing"") if ... else None","none","M12","The orchestrator can mark `check`, which the page lists under ""Needs a look"" (`frontend/src/components/prep/RedesignPanel.tsx:42-49`); no deterministic hold."
"RD-M1-F014","GC-01","F. AI behaviour - ignored evidence / answer overridden","B. wrong symbol mapping","Medium","66043c11fab9eaf5a1768ba24ed924821baecec3b6726ee70f6c529300ceec21","-","-","-","-","-","AI and platform agree on the inserted symbol; overrides are visible.","8 answers say the emergency light / directional sign is 'not in the symbol list' (symbol 0) although the current list has Emergency Light and Directional Emergency Sign; the platform then inserts E / E WP / EXT-2D through PREFERRED regardless (not shown as an override).","E06 ids 45efbfb70918a4f0, 13059eaeb6b87480, 0cdfb503e512c2c7, d6b299d789d905ed, bd092a68454cc62a, 72f22f76271b87b8, 34f8317dbedb40bb, e637aa4a101d2ae0; service.py:209-230, 770-773.","E06: ai.symbol==0 and insert.block set.","12/13","Symbols list not persisted per call; PREFERRED override silent.","SUSPECTED (whether the list sent at plan time contained these symbols is not stored)","Medium","Yes for stored answers","service.py:209-230, 770-773, 1082-1083","none","AI-validation milestone (proposed)","UNREVIEWED - awaiting independent RD-M1 review","STILL OPEN","backend/app/redesign/service.py:815-816
backend/app/redesign/service.py:209-230
backend/app/redesign/service.py:1216","service.py:815-816  if not answer.get(""picked""): symbol = _preferred(change[""device""], symbols) or symbol","test_redesign.py::test_a_sounder_flasher_is_the_strobe_symbol_and_a_sounder_the_wall_sounder
test_redesign.py::test_an_ip_rated_emergency_light_is_the_drawings_e_made_weatherproof_as_a_new_block
(pin the override itself)","M12","S6 class qualifier: override still silent. Whether the list sent in the old Plan contained Emergency Light is unknowable from code: `backend/app/redesign/service.py:1216` persists `row.symbols` per plan, not per call (S6 section 6)."
"RD-M1-F015","GC-01","B. Device understanding - wrong symbol mapping","","Medium","66043c11fab9eaf5a1768ba24ed924821baecec3b6726ee70f6c529300ceec21","FA 101","-","Pump Room","-","-","Weatherproof MCP inserted from a plan symbol block.","Approved change 34d7690b0446388c inserts block 'XREF - title block a1 15-06-2022$0$BREAK GLASS WP' (a bound title-block xref block) at scale 0.001; _symbols excludes '|' xref blocks but not bound '$0$' blocks.","original script line 35 (E01 line 37); E06; symbols list in E04.","E06 -> 34d7690b0446388c insert.block.","7/10 existing symbol discovery -> symbol choice","service.py:282 filter.","CONFIRMED (data); visual result UNVERIFIED (applied output not rendered)","Medium","Yes","service.py:275-312","none","RD-M3/RD-M5 (proposed)","UNREVIEWED - awaiting independent RD-M1 review","STILL OPEN","backend/app/redesign/service.py:282
backend/app/interfaces/service.py:1100","service.py:282  if ""|"" in o[""block""] or (blocks is not None and o[""block""] not in blocks): continue","none","M8 + M13","S6 section 6: the visual result of the bound-xref block insert needs E06 change 34d7690b0446388c plus the applied DWG (AutoCAD); not available here."
"RD-M1-F016","GC-01","G. Workflow - absolute paths persisted","H. output not retrievable","Medium","66043c11fab9eaf5a1768ba24ed924821baecec3b6726ee70f6c529300ceec21","-","-","-","-","-","Stored references are portable (relative to the platform's roots).","project_redesign.output_path is a PC-A absolute path; GET /output.dwg checks Path(row.output_path).is_file() and returns 404 on PC-B although GC01 redesign/...1654.dwg exists here. Library paths (F001) are the same pattern.","E03 output_path; routers/redesign.py:172-183; E16 lists the 1654.dwg file.","E03 + E16.","24 output registration","str(platform_copy) stored (service.py:1401).","CONFIRMED (code + data)","High","Yes","service.py:1386, 1401; routers/redesign.py:172-183","none","RD-M2 (proposed)","UNREVIEWED - awaiting independent RD-M1 review","STILL OPEN","backend/app/redesign/service.py:1520
backend/app/routers/redesign.py:181","service.py:1520  row.output_status, row.output_path, row.output_relative = ""made"", str(platform_copy), relative
routers/redesign.py:181  if row.output_status != ""made"" or not row.output_path or not Path(row.output_path).is_file(): raise HTTPException(404, ...)","none","M5","RD-M2 `output_file_for` (relative path, legacy rebase) absent."
"RD-M1-F017","GC-01","G. Workflow - failed retry / duplicate execution","H. output saved twice risk","Medium","66043c11fab9eaf5a1768ba24ed924821baecec3b6726ee70f6c529300ceec21","-","-","-","-","-","A job whose work already completed is not run again; a job carried in a copied DB does not start by itself on another PC.","Job 119 (Apply, created 2026-10-02 12:54:19 UTC on PC-A) had already made 'FIRE ALARM LAYOUT R0 - Redesign 2026-10-02 1654.dwg' (row output_at 12:55:35, output_changes 11) but was still 'running' in the copied DB; PC-B's IFC worker requeued and re-ran it at 2026-10-03 15:15:05 UTC with no user action (attempts=1), and it failed (F001). Likely reason it was still running in the copy: the PC-A IFC worker running job 119 last heartbeat at 12:55:27 UTC (background_workers: current_job_id 119, stopped_at NULL); the output was committed at 12:55:35 and the job row was never finished before the DB was copied (independent review round 2, verified by the producer in the snapshot).","E02 jobs 118/119; E03 output_*; E13 'Job 119 was left running by a worker that stopped: requeued'; jobs.py:351-396.","E02 + E03 + E13.","25 error handling and retry","recover_stale requeues by heartbeat age only; no idempotency/host check.","CONFIRMED (log + DB)","High","Yes","services/jobs.py:101-106, 351-396","test_ifc_worker_and_ai (requeue behaviour; not cross-host)","RD-M2 (proposed)","UNREVIEWED - awaiting independent RD-M1 review","STILL OPEN","backend/app/services/jobs.py:371-418
backend/app/redesign/service.py:1479-1523
backend/app/routers/redesign.py:78","services/jobs.py:371-418  recover_stale: values = {""status"": ""queued"", ... ""attempts"": +1}
routers/redesign.py:78  dedup key f""{kind}:{project.id}:{drawing.id}""","test_ifc_worker_and_ai.py::test_an_ifc_read_left_by_a_dead_worker_is_queued_again_with_its_upload
test_sync_worker.py::test_a_job_left_running_by_a_dead_worker_is_recovered  [not in the 116-test run]
(neither is cross-host nor kind fa_redesign_apply)","M5","`jobs.py` unchanged vs the RD-M2 candidate (the candidate did not change it either; idempotency lived in `apply()`)."
"RD-M1-F018","GC-01","G. Workflow - missing provenance (engineer decisions)","","Medium","66043c11fab9eaf5a1768ba24ed924821baecec3b6726ee70f6c529300ceec21","-","-","-","-","-","Each approve/skip/move/pick records who and when.","Change records have no decided_by/decided_at; activity_events records only plan/drawing/interfaces starts (E14); the PATCH endpoints record nothing.","E03 change_keys_present; E14; routers/redesign.py:116-142.","E03/E14.","15 manual engineer changes","Not implemented.","CONFIRMED (code + data)","High","Yes","service.py:650-664, 1196-1249; routers/redesign.py:116-142","none","RD-M6 workflow (proposed)","UNREVIEWED - awaiting independent RD-M1 review","STILL OPEN","backend/app/redesign/service.py:678-691
backend/app/redesign/service.py:1265-1320
backend/app/routers/redesign.py:96-107
backend/app/routers/redesign.py:156","No code line quoted in S6 (absence): no decided_by / decided_at anywhere in app/redesign or the router (S6 grep empty); set_status (service.py:678-691) and adjust (service.py:1265-1320) store status/moved/edited only","none","M18 + M7","Owner split per S6: M18 (events), M7. S6 section 6: nothing to settle (data and code agree); activity gaps are in E14."
"RD-M1-F019","GC-01","G. Workflow - unsafe read-side effect","","Medium","66043c11fab9eaf5a1768ba24ed924821baecec3b6726ee70f6c529300ceec21","-","-","-","-","-","GET endpoints do not write.","GET /projects/{id}/redesign/{did} -> view() calls state() (inserts a row when none), review.build() (may run _fit and commit) and db.commit(); GET image/output call state().","service.py:70-77, 1416-1426; review/service.py:398-401; routers/redesign.py:63-66, 163, 176.","Read code.","17 preview rendering / page load","Lazy creation on read.","CONFIRMED (code)","High","Yes","service.py:70-77, 1416-1426","none","RD-M6 workflow (proposed)","UNREVIEWED - awaiting independent RD-M1 review","STILL OPEN","backend/app/redesign/service.py:1537
backend/app/redesign/service.py:1544
backend/app/redesign/service.py:1545
backend/app/review/service.py:595-596
backend/app/routers/redesign.py:167
backend/app/routers/redesign.py:180
backend/app/routers/redesign.py:195
backend/app/redesign/service.py:1373","service.py:1537  row = state(db, project, drawing_id)  (inserts and flushes a row) in view()
service.py:1544  review.build(db, project, drawing)","none","M10","S6 Table A lists tests as none: test_drawing_review_outcome.py only GETs the list route."
"RD-M1-F020","GC-01","G. Workflow - missing provenance (AI calls)","","Low","66043c11fab9eaf5a1768ba24ed924821baecec3b6726ee70f6c529300ceec21","-","-","-","-","-","Every model call is linked to the job that made it.","All 44 fa_drawing_redesign ai_usage rows have run_id NULL; 7 rows (ids 686-690 at 09:49-09:50 and 728-729 at 10:05 UTC, 2026-10-02) fall outside Plan job 102's run window - their origin is not recorded.","E09; E02 job 102.","E09.","12 AI proposal","assist.call_task not given a run id here.","CONFIRMED (data); origin of the 7 calls UNKNOWN","High","n/a","service.py:1063-1092","none","RD-M6 workflow (proposed)","UNREVIEWED - awaiting independent RD-M1 review","STILL OPEN","backend/app/compliance/assist.py:239","compliance/assist.py:239  project_id=session.project_id, run_id=None, task=task, ...","none","M7 + M18","The preparation run is now recorded in `row.run` (`PR.started_run`, `backend/app/redesign/service.py:1217`), but model calls are still not linked to the job in `ai_usage`."
"RD-M1-F021","GC-01","A. Source and extraction - wrong rotation (unsupported)","A. scale/origin error carried","Medium","66043c11fab9eaf5a1768ba24ed924821baecec3b6726ee70f6c529300ceec21","-","-","-","-","-","Plot-to-model tie supports rotated/twisted views and flags its error on every added symbol.","geometry.fit is X = a*x + bx, Y = -a*y + by (no rotation term). On GC-01 median residuals are 0.0-0.55 m (FA 104 0.55, FA 112 0.37, FA 117 0.36); CONFIRM_ABOVE_M = 1.0 so none is flagged.","review/geometry.py:35-76; E15.","E15.","5 sheet detection / geometry tie","Fit model.","CONFIRMED (code); rotated-drawing failure NOT REPRODUCED (no rotated case available)","High","Yes","review/geometry.py:35-78; service.py:63","none","RD-M3 geometry (proposed)","UNREVIEWED - awaiting independent RD-M1 review","STILL OPEN","backend/app/review/geometry.py:35-72
backend/app/redesign/service.py:63","review/geometry.py:35-72  X = a*x + bx, Y = -a*y + by  return {""v"": ..., ""a"": a, ""bx"": bx, ""by"": by, ...}  (no rotation term)","none","M8","Rotated-sheet failure still needs a rotated Golden Case (S6 section 6)."
"RD-M1-F022","GC-01","C. Placement - outside room (no containment model)","A. missing architectural geometry","High","66043c11fab9eaf5a1768ba24ed924821baecec3b6726ee70f6c529300ceec21","-","-","-","-","-","Placement is checked against the room/building it must be in.","No room or building polygon is used: each sheet's 'plan' box is the whole drawing frame [48,34,2057,1650] on all 17 sheets; room membership rests on the model's answer only. Modules outside the PLOT LIMIT (F007) and the AI's 'placed outside' answer (F029) pass unflagged.","E15 plan_box_pt; service.py:527-536, 749-821.","E15.","6 room and geometry discovery","Not implemented.","CONFIRMED (code + data)","High","Yes","service.py:503-560, 749-821","none","RD-M3 geometry (proposed)","UNREVIEWED - awaiting independent RD-M1 review","STILL OPEN","backend/app/review/pages.py:110
backend/app/redesign/service.py:794-866
backend/app/redesign/service.py:551
backend/app/redesign/prepare.py:235","review/pages.py:110  plan = (w * 0.02, h * 0.02, panel, h * 0.98)  (plan box = whole sheet)
service.py:794-866  _place has no containment test","test_drawing_prep.py::test_a_room_is_filled_inside_its_walls_its_door_closed_and_a_pump_sets_outline_not_a_wall
test_drawing_prep.py::test_the_coordination_agents_layout_is_refused_when_it_covers_less_than_the_platforms
(coverage and agent layout only, synthetic)","M8","S6 class qualifier: room fill exists for detector coverage only. Room polygons depend on the F005 wall index."
"RD-M1-F023","GC-01","H. CAD Apply - output not verified","H. generated result differs from plan","High","66043c11fab9eaf5a1768ba24ed924821baecec3b6726ee70f6c529300ceec21","-","-","-","-","-","After AutoCAD runs, the output is checked against the plan (inserted blocks/handles/markers present, erased handles gone, nothing else removed).","Only 'file exists and mtime changed' is checked (cad.py:167); the AutoCAD log is discarded on success. A partially executed script (F004) would be saved and filed as made.","cad.py:143-176.","Read code.","23 output verification","Not implemented.","CONFIRMED (code)","High","Yes","cad.py:143-176","none","RD-M2 (proposed)","UNREVIEWED - awaiting independent RD-M1 review","STILL OPEN","backend/app/redesign/cad.py:167
backend/app/redesign/cad.py:176
backend/app/redesign/service.py:1506","cad.py:167  if not copy.is_file() or copy.stat().st_mtime <= before:  (the only check)","none","M5","RD-M2 `verify.py` absent."
"RD-M1-F024","GC-01","H. CAD Apply - leftovers","","Low","66043c11fab9eaf5a1768ba24ed924821baecec3b6726ee70f6c529300ceec21","-","-","-","-","-","Work folders cleaned; failure artefacts kept deliberately and bounded.","work-1 keeps redesign.dwg/redesign.scr after failure (useful evidence) and an AutoCAD ErrorReports folder that the cleanup loop cannot remove (unlink on a directory); review/plot-66043c11fab9 and plot-8eea8dd66621 keep DWG copies from earlier failed plots.","E16 file list.","E16.","22 AutoCAD execution","cad.py:171-175; render.py cleanup only on success.","CONFIRMED (filesystem + code)","High","Yes","cad.py:171-175; review/render.py:84-96","none","RD-M2 (proposed)","UNREVIEWED - awaiting independent RD-M1 review","STILL OPEN","backend/app/redesign/cad.py:171-175","cad.py:171-175  for leftover in work.iterdir(): try: leftover.unlink() except OSError: pass","none","M5","S6 section 6: real output versus plan and leftovers need AutoCAD on an isolated copy and the E16 file list; not available here."
"RD-M1-F025","GC-01","G. Workflow - inconsistent floor naming","","Low","66043c11fab9eaf5a1768ba24ed924821baecec3b6726ee70f6c529300ceec21","-","-","-","-","-","One floor name per sheet across change records.","Changes on the same sheet carry different floor strings (e.g. page 16 'ROOF' x29 vs 'Roof' x22; page 3 'GROUND FLOOR' vs 'Ground Floor'; FA 114 changes carry 'Level 18'..'Level 22').","E04 sheets_of_changes.","E04.","9/16","Failed interface changes use the schedule's floor; placed ones the sheet's (service.py:546-547 vs 565).","CONFIRMED (data)","High","Yes","service.py:543-568","none","RD-M6 workflow (proposed)","UNREVIEWED - awaiting independent RD-M1 review","STILL OPEN","backend/app/redesign/service.py:568-569
backend/app/redesign/service.py:588","service.py:568-569  ""floor"": r[""floor""]
service.py:588  sheet.get(""floor"") or r[""floor""]","none","M7 + M10","Owner split per S6: M7 (floor aliases), M10. S6 section 6: current floor strings per sheet need a new Plan (E04 sheets_of_changes)."
"RD-M1-F026","GC-01","D. Coverage - incomplete placement of required modules","A. wrong floor (typical plan mapping)","Medium","66043c11fab9eaf5a1768ba24ed924821baecec3b6726ee70f6c529300ceec21","-","-","-","-","-","Every scheduled module is placed or explicitly assigned to a plan.","47 of 200 interface modules are 'failed' (draw by hand): 35 no drawn position, 2 no plan for Top Roof, 10 typical-plan mismatches (e.g. 'shows it on a plan that covers Level 18, but this drawing's plan there is TYPICAL 23R...'), the last suggesting the trade's typical plan sits where this drawing has a different typical plan.","E04 failed_errors; E07.","E04.","9/10 interface ingestion","Shared-coordinates assumption across typical plans (see F007).","CONFIRMED (data); typical-plan cause SUSPECTED","Medium","Yes","service.py:503-560","test_a_typical_plans_floors_get_one_module_each_item_stacked_and_the_unplaceable_listed","RD-M3 geometry (proposed)","UNREVIEWED - awaiting independent RD-M1 review","NOT REPRODUCED","backend/app/redesign/service.py:553-556
backend/app/redesign/service.py:559-566","service.py:553-556  ""shows it on a plan that covers ... draw it by hand""
service.py:559-566  ""no drawn position"" / ""no plan where ... shows it""","test_redesign.py::test_a_typical_plans_floors_get_one_module_each_item_stacked_and_the_unplaceable_listed
(synthetic)","M8","A re-run of Plan/interfaces on the GC-01 snapshot is the only way to get the new counts (S6 section 6)."
"RD-M1-F027","GC-01","D. Coverage and engineering rules - not re-checked","","Medium","66043c11fab9eaf5a1768ba24ed924821baecec3b6726ee70f6c529300ceec21","-","-","-","-","-","After placement/moves, coverage/spacing rules the review applied are re-checked.","The redesign performs no coverage or spacing check after placing or moving devices (e.g. the engineer-moved heat detector); rules exist only in the review stage.","Code search: no coverage computation in app/redesign.","Read app/redesign/*.py.","13-15","Not implemented.","CONFIRMED (code)","High","Yes","app/redesign/service.py","none","later engineering-rules milestone (proposed)","UNREVIEWED - awaiting independent RD-M1 review","SUPERSEDED BY VERIFIED BEHAVIOR","backend/app/redesign/prepare.py:491-598
backend/app/redesign/prepare.py:617-626
backend/app/redesign/service.py:1317-1318
backend/app/redesign/service.py:1324-1339
backend/app/redesign/prepare.py:739-773","prepare.py:491-598  coordinate measures every room's coverage at 6.3 m/heat radius (C.measure)
prepare.py:617-626  measure_again re-measures after the engineer moves/approves","test_drawing_prep.py::test_coverage_is_measured_at_the_radius_and_the_best_spots_cover_the_room
test_drawing_prep.py::test_the_platform_proposes_the_best_spots_and_the_detectors_the_room_still_needs
test_drawing_prep.py::test_the_coordination_agents_layout_is_refused_when_it_covers_less_than_the_platforms
test_drawing_prep.py::test_the_gate_is_the_platforms_count
test_drawing_prep.py::test_the_devices_job_with_the_agents_off_places_coordinates_and_covers_without_a_model","M8","S6 class qualifier: detector coverage only. Partial: no spacing check for non-detector devices (sounder 12 m rule lives in the review, `review/service.py` `_sounder_spacing`), none for speakers/call points; the adjust re-measure `_measure_again` has no direct test; verified only on synthetic walls; depends on F005. A reviewer may prefer to keep it open for the non-detector rules. The tests named in tests_now were run and passed (test_drawing_prep.py: 14 passed, evidence/TEST-RESULTS.md); they use synthetic walls."
"RD-M1-F028","GC-01","F. AI behaviour - inconsistent repeated answer","","Low","66043c11fab9eaf5a1768ba24ed924821baecec3b6726ee70f6c529300ceec21","-","-","-","-","-","Repeated questions about the same change give the same answer, or variation is recorded.","2 of 31 changes have two cached answers: 3ddaa99cd7374341 point moved (0.515,0.513)->(0.504,0.547) of a 16 m box (~0.6 m); 1561933977450e28 symbol 36 'Sounder Strobe WP' -> 44 'Wall mounted sounder'. Evidence fingerprints differed, so this is not pure model nondeterminism.","E08.","python evidence/scripts/ai_variation.py.","12","Input change + model variation (not separable from stored data).","CONFIRMED (cache data)","Medium","No","compliance/assist.py:246-283","none","AI-validation milestone (proposed)","UNREVIEWED - awaiting independent RD-M1 review","NOT REPRODUCED","backend/app/redesign/ai.py:12
backend/app/core/config.py:426-428","No code defect quoted in S6: the model, prompt and effort are ai.py:12 (unchanged prompt version) with prep_model/prep_effort (core/config.py:426-428); nothing makes repeated answers equal or records variation","none","M12","Needs the DB snapshot's `result_cache`/`ai_usage` (E08) or fresh model calls; neither is static."
"RD-M1-F029","GC-01","C. Placement - wrong room","F. AI unsupported placement","Medium","66043c11fab9eaf5a1768ba24ed924821baecec3b6726ee70f6c529300ceec21","FA 108","4TH PODIUM","SWIMMING POOL / pump room","-","crops/GC01-R07-pool-pumproom-B-plan.png","Device placed in the room the change names.","Change 5d2de6f964bab9e3 (sounder strobe WP, low confidence): model note 'Ring and 7 are parking side; named room is pump room. Placed outside, beside door.' Accepted as proposed; engineer skipped.","E06; crop R07.","E06.","12/13","F022.","CONFIRMED (stored answer); no containment check (F022)","High","Yes for stored answer","ai.py:58-81; service.py:749-821","none","RD-M3 / AI-validation (proposed)","UNREVIEWED - awaiting independent RD-M1 review","STILL OPEN","backend/app/redesign/ai.py:74-80
backend/app/redesign/service.py:794-866","ai.py:74-80  keeps the answer whatever its note says
service.py:794-866  no containment test","none","M8 + M12","Same cause as F003 and F022 (S6). S6 section 6: whether the new orchestrator flags ""Placed outside, beside door"" needs a model call over change 5d2de6f964bab9e3 (E06)."
"RD-M1-F030","GC-01","G. Workflow - plan modified at Apply","H. generated result differs from reviewed plan","Medium","66043c11fab9eaf5a1768ba24ed924821baecec3b6726ee70f6c529300ceec21","-","-","-","-","-","Apply makes exactly the plan the engineer last saw.","apply() calls refresh(), which re-places stale changes and re-runs coordination, and commits the result (service.py:1376, 1304-1357) before generating the script; positions can change between review and Apply without the engineer seeing them.","Code.","Read code.","19/20","Design.","CONFIRMED (code)","High","Yes","service.py:1304-1357, 1376","none","RD-M2 (proposed)","UNREVIEWED - awaiting independent RD-M1 review","STILL OPEN","backend/app/redesign/service.py:1495
backend/app/redesign/service.py:1443
backend/app/redesign/service.py:1475
backend/app/redesign/service.py:1472","service.py:1495  refresh(db, project, drawing, row)  (inside apply(), before todo is built)","none","M5","RD-M2 removed the `refresh()` call from Apply; absent here."
"RD-M1-F031","GC-01","H. CAD Apply - output saved to project archive","","Medium","66043c11fab9eaf5a1768ba24ed924821baecec3b6726ee70f6c529300ceec21","-","-","-","-","-","Consistent with config: 'Never the archive itself -- the platform reads the archive, it does not write to it.'","apply() writes the redesigned DWG into <project source folder>/03- Drawings/Redesign/ (the synced archive) in addition to uploads; 17 such files are recorded as filed (E02 results). Not re-verified in the archive (archive not reachable from PC-B).","service.py:1389-1400; core/config.py:149-150; E02 'filed'.","Read code + E02.","24 output registration","Policy conflict.","CONFIRMED (code + job results)","High","Yes","service.py:1389-1400","none","RD-M2 (proposed) - owner decision","UNREVIEWED - awaiting independent RD-M1 review","STILL OPEN","backend/app/redesign/service.py:1509-1517
backend/app/core/config.py:183-184
backend/app/redesign/service.py:1480
frontend/src/components/prep/RedesignPanel.tsx:391","service.py:1509-1517  target = Path(project.source_folder_path) / FOLDER / name ... out.write(src.read())
core/config.py:183-184  ""Never the archive itself -- the platform reads the archive, it does not write to it.""","none","M5","Roadmap statement that Apply copies into the archive is confirmed. Owner decision B (RD-M1 handoff) applies. S6 section 6: whether the archive copy still happens on the owner PC needs the project archive folder 03- Drawings/Redesign, not reachable here."
"RD-M1-F032","GC-01","G. Workflow - manual decision overwritten (no concurrency control)","G. stale plan","High","66043c11fab9eaf5a1768ba24ed924821baecec3b6726ee70f6c529300ceec21","-","-","-","-","-","An engineer's approve/skip/move made while a Plan or Apply runs is never lost; concurrent writers are detected.","plan() writes the whole row.changes from its start-time list after every model answer (service.py:1175; also 1146, 1181), so a PATCH made during a Plan (job 102 ran 3.5 min) is overwritten. adjust()/set_status() have no status or version guard (service.py:662, 1247). Plan and Apply have different dedup keys (routers/redesign.py:74, key = kind:project:drawing), so both can run at once. refresh() inside Apply commits the row whenever coordination touches anything (service.py:1324-1325; 25 touches on GC-01).","Code; reported by the independent reviewer, verified by the producer against service.py:1173-1176 and routers/redesign.py:72-76.","Read code. Not reproduced (would need concurrent live requests).","15/16/19 engineer changes, plan persistence, Apply","Whole-row JSON rewrite without optimistic locking.","CONFIRMED (code); NOT REPRODUCED","High","Timing-dependent","service.py:1146, 1175, 1181, 1247, 1324-1325; routers/redesign.py:70-90","none","RD-M6 workflow (proposed)","UNREVIEWED - awaiting independent RD-M1 review","STILL OPEN","backend/app/redesign/prepare.py:151
backend/app/redesign/prepare.py:193
backend/app/redesign/service.py:1216
backend/app/redesign/service.py:1239
backend/app/redesign/service.py:1248
backend/app/redesign/service.py:690
backend/app/redesign/service.py:1319
backend/app/routers/redesign.py:78
backend/app/redesign/service.py:1443
backend/app/redesign/service.py:1475","prepare.py:151 and :193  row.changes = [dict(c) for c in changes]
service.py:690 set_status and :1319 adjust: read-modify-write with no version or status guard","test_drawing_prep.py::test_a_devices_job_after_the_review_lost_its_answers_keeps_every_change_and_the_engineers_word
test_fa_evidence.py::test_C4_kept_interface_changes_are_restored_byte_for_byte  [not in the 116-test run]
(Plan keeps settled changes; not a concurrency test)","M5 + M7 + M10","RD-M2 `content_fingerprint`/`_snapshot` and R1 `BEGIN IMMEDIATE` publication lock absent. The Plan now runs longer (more agent stages), widening the window. Owner split per S6: M5 (Apply snapshot guard), M7 and M10 (Plan and PATCH versioning). S6 section 6: the race itself needs concurrent live requests; only a timing test can show it."
"RD-M1-F033","GC-01","H. CAD Apply - output overwritten (minute-resolution name)","H. output saved to wrong location","Medium","66043c11fab9eaf5a1768ba24ed924821baecec3b6726ee70f6c529300ceec21","-","-","-","-","-","Every Apply output has a unique name; nothing is overwritten silently.","The output name uses the stamp %Y-%m-%d %H%M (service.py:1383-1385); shutil.copyfile (cad.py:170) and open(..., wb) into the archive (service.py:1396) overwrite silently, so two Applies in the same minute replace the earlier DWG in uploads and in the archive. Jobs 103 and 104 ran 76 s apart (different minutes).","Code; E02 timings. Reported by the independent reviewer, verified by the producer.","Read code.","24 output registration","Name collision.","CONFIRMED (code); NOT REPRODUCED","High","Timing-dependent","service.py:1383-1396; cad.py:169-170","none","RD-M2 (proposed)","UNREVIEWED - awaiting independent RD-M1 review","STILL OPEN","backend/app/redesign/service.py:1502-1504
backend/app/redesign/cad.py:153
backend/app/redesign/cad.py:170
backend/app/redesign/service.py:1515","service.py:1502-1504  stamp = datetime.now().strftime(""%Y-%m-%d %H%M"")","none","M5","S6 section 6: same-minute overwrite needs two Apply jobs in one minute and AutoCAD; not available here."
"RD-M1-F034","GC-01","G. Workflow - Apply cannot be cancelled","","Low","66043c11fab9eaf5a1768ba24ed924821baecec3b6726ee70f6c529300ceec21","-","-","-","-","-","A running Apply honours the job's cancel request.","apply() accepts check= but never calls it; the AutoCAD run can take up to 1,200 s (cad.py:34).","service.py:1360-1410 (no use of check); reported by the independent reviewer, verified by the producer.","Read code.","22/25","Not implemented.","CONFIRMED (code)","High","Yes","service.py:1360-1410; cad.py:34, 159-161","none","RD-M2 (proposed)","UNREVIEWED - awaiting independent RD-M1 review","STILL OPEN","backend/app/redesign/service.py:1479
backend/app/redesign/cad.py:34
backend/app/redesign/cad.py:159-163
backend/app/ifc/services/runners.py:282-283","service.py:1479  def apply(db, project, drawing_id, user_id, *, progress=None, check=None)  (check never referenced in service.py:1480-1523)
cad.py:34  TIMEOUT_S = 1200","none","M5","`runners.py:282-283` still passes only `check=ctx.check, progress=...` (candidate also passed `request`, `job_id`, `job_created_at`)."
"RD-M1-F035","GC-01","G. Workflow - confirm flag not gating","A. scale/origin error carried","Low","66043c11fab9eaf5a1768ba24ed924821baecec3b6726ee70f6c529300ceec21","-","-","-","-","-","An added symbol flagged confirm (plot error above 1 m) is not drawn until confirmed.","view() computes confirm (residual > CONFIRM_ABOVE_M) for display only; _drawn() ignores it. Not triggered on GC-01 (max residual 0.55 m).","service.py:1433-1434 vs 667-671; reported by the independent reviewer, verified by the producer.","Read code.","18","Display-only flag.","CONFIRMED (code)","High","Yes","service.py:63, 667-671, 1433-1434","none","RD-M2 (proposed)","UNREVIEWED - awaiting independent RD-M1 review","STILL OPEN","backend/app/redesign/service.py:1552-1553
frontend/src/components/prep/RedesignPanel.tsx:528
backend/app/redesign/service.py:695-701","service.py:1552-1553  out[""confirm""] = bool(c.get(""insert"") and c[""action""] == ""add"" and not c.get(""moved"") and residual is not None and residual > CONFIRM_ABOVE_M)  (display only)","none","M5","S6 section 6: no sheet on GC-01 exceeds the 1 m residual (E15); a sheet with residual above CONFIRM_ABOVE_M is needed."
