"finding_id","golden_case_id","category_primary","categories_secondary","severity","source_sha256","sheet","floor","room_or_area","drawing_coordinates","screenshots_crops","expected_behavior","actual_behavior","evidence","reproduction_steps","pipeline_stage","suspected_cause","cause_status","confidence","deterministic","affected_files_functions","existing_test_coverage","recommended_milestone","reviewer_status"
"RD-M1R-C01","none (code-confirmed; no Golden evidence exists for preparation, coverage or the gate)","G. Workflow - preparation gate stored, not enforced at Apply","n/a","High","n/a (code finding)","n/a","n/a","n/a","n/a","n/a","Apply (the job start and apply()) is refused at the server when the stored preparation gate is not 'ready', unless an engineer's override is recorded; the Make button follows the same rule (roadmap M5: enforce gates at the server boundary).","The gate is computed once at the end of the plan job and stored in row.run; Apply never reads row.run. start_apply creates the Apply job with no plan-state, review-state or gate check. apply() draws every change for which _drawn() is true and raises only when that list is empty. The page enables Make whenever at least one change is drawn; run.gate is only displayed. row.status becomes 'planned' whatever the gate says.","S7 B3 and C01. backend/app/redesign/service.py:1246 run[""gate""] = PR.gate(changes, run[""coordination""], run[""review""], cols); :1250 row.status, row.finished_at = ""planned"", utc_now(); :1496-1498 todo = [c for c in row.changes or [] if _drawn(c)] then raise RedesignError(""No change is placed to make: plan the redesign, or approve the changes first.""). backend/app/routers/redesign.py:104-107 start_apply returns _start(db, project, _drawing(...), service.KIND_APPLY, current_user, ""drawing"") with no state check. frontend/src/components/prep/RedesignPanel.tsx:403 disabled={disabled || ready === 0} with ready = all.filter((c) => c.drawn).length (:157). frontend/src/pages/ProjectDrawingPrepPage.tsx:70 the Devices badge is a check mark whenever redesign_status === ""planned"". frontend/src/components/prep/AgentRunPanel.tsx:55-95 displays run.gate only. S7 grep -n gate over backend/app/redesign, routers/redesign.py, ifc/services/runners.py and routers/drawing_review.py finds it only in prepare.py and in service.py:1245-1253.","Static (no run): (1) grep -n gate over backend/app/redesign, backend/app/routers/redesign.py, backend/app/ifc/services/runners.py, backend/app/routers/drawing_review.py: hits only in prepare.py and service.py:1245-1253. (2) Read service.py:1484-1499 (apply): no read of row.run. (3) Read routers/redesign.py:103-107. Proposed bounded case: a stored plan with run.gate.state = 'needs_engineer' and one drawn change, then start the Apply job and stop at job creation or script text (no AutoCAD). Not executed by S7 or by this milestone.","S19 Apply job creation and S20 CAD script generation (RD-M1, unchanged); N10 Preparation gate","The gate (N10) was added as stored data; _start and start_apply (routers/redesign.py:74-93, 103-107) are not in the diff since RD-M1 and apply() reads only row.changes (S7 B1 S19, B3).","CONFIRMED (code)","Not rated (S7 gives severity and cause status only; cause read from source, not run)","Yes","backend/app/redesign/service.py:1246, 1250, 1484-1499; backend/app/redesign/prepare.py:739-773 (gate); backend/app/routers/redesign.py:74-93, 103-107; frontend/src/components/prep/RedesignPanel.tsx:157, 403-404; frontend/src/pages/ProjectDrawingPrepPage.tsx:70; frontend/src/components/prep/AgentRunPanel.tsx:55-95","Gate arithmetic only: test_the_gate_is_the_platforms_count (backend/tests/test_drawing_prep.py:161) and the plan-job test that asserts run[""gate""][""state""] == ""needs_engineer"" (backend/tests/test_drawing_prep.py:328). No test starts the Apply job or calls apply() (S7 Table D).","M5 (proposed)","UNREVIEWED"
"RD-M1R-C02","none (code-confirmed; no Golden evidence exists for preparation, coverage or the gate)","G. Workflow - proposed, unapproved changes are drawn; with preparation AI off the platform alone creates them","n/a","Critical","n/a (code finding)","n/a","n/a","n/a","n/a","n/a","Only changes an engineer approved are drawn on the redesigned DWG (the RD-M1-F002 expectation); the draftsman PDF lists only what will be drawn after approval.","_drawn() returns true for a review change in status 'proposed' unless the orchestrator said 'reject'; the orchestrator is the only control and only 'reject' stops a change. With preparation AI off, the platform places every pending change at the review's point and _place leaves it 'proposed', so it is drawn; in RD-M1 a plan with no usable model left each change 'failed'. The draftsman PDF lists these changes as to be drawn, and the page still calls them 'Placed, to approve'. Extends RD-M1-F002.","S7 B3 and C02. backend/app/redesign/service.py:699-701 proposed = (c[""status""] == ""proposed"" and c.get(""source"") not in (INTERFACE, PR.COVERAGE) and (c.get(""check"") or {}).get(""verdict"") != ""reject""); return (c[""status""] == ""approved"" or proposed) and bool(c.get(""remove"") or c.get(""insert"")). backend/app/redesign/prepare.py:144-153 if not prep_ai_on(): stats[""by""] = ""platform""; for c in todo: answer = fallback_answer(c, symbols) ... R._place(c, sheets[c[""page""]], symbols, answer, walls). backend/app/redesign/service.py:865-866 if change[""status""] in (""pending"", ""failed""): change[""status""] = ""proposed"". backend/app/redesign/prepare.py:685-687 orchestrator state ""off"" in that mode. frontend/src/components/prep/RedesignPanel.tsx:246 'Placed, to approve'. redesign/markup.py:27-80 build lists them (N11).","Static (no run): read service.py:695-701 (_drawn) and 865-866 (_place status), prepare.py:144-153 (agents-off path). Offline bounded case already in the suite as an assertion: a change in status 'proposed' is drawn (backend/tests/test_redesign.py:213; backend/tests/test_drawing_prep.py:142). Proposed bounded case: plan with prep AI off on a synthetic review change and list the drawn set. Not executed by S7 or by this milestone.","S18 Approval/rejection state (view, _drawn); N02 Placement by agents or by the platform alone; N09 Orchestrator floor review; N11 Draftsman markup PDF","Design choice in _drawn() carried from RD-M1 and altered (excludes an orchestrator 'reject' and coverage detectors); the agents-off path now leaves changes 'proposed' where RD-M1 left them 'failed' (S7 C02, C-bis F002).","CONFIRMED (code)","Not rated (S7 gives severity and cause status only; cause read from source, not run)","Yes","backend/app/redesign/service.py:695-701, 865-866; backend/app/redesign/prepare.py:144-153, 685-687; backend/app/redesign/markup.py:27-80; backend/app/redesign/service.py:1367-1386 (draftsman_pdf); frontend/src/components/prep/RedesignPanel.tsx:246","PINNED as intended, not covered as a defect: assert R._drawn({**placed, ""status"": ""proposed""}) (backend/tests/test_redesign.py:213); assert R._drawn({**base, ""status"": ""proposed""}) and a rejected change is not drawn (backend/tests/test_drawing_prep.py:142-146). Fixing it means changing those assertions on purpose (S7 Table D). No test covers markup.build.","M5 (proposed)","UNREVIEWED"
"RD-M1R-C03","none (code-confirmed; no Golden evidence exists for preparation, coverage or the gate)","F. AI behaviour - agents-off fallback erases the nearest symbol whatever its name","n/a","High","n/a (code finding)","n/a","n/a","n/a","n/a","n/a","A REMOVE or REPLACE is not given an erase target that nothing supports (the RD-M1-F003 hazard); the fallback's own 'low' confidence is acted on.","When no candidate's name shares a word with the device, the fallback takes the first (nearest the review's point) of up to 15 numbered symbols; the answer carries confidence 'low' but _place never reads confidence. The erase is real when the symbol is a top-level insert, otherwise labelled 'erase by hand'. No model is involved.","S7 C03. backend/app/redesign/prepare.py:121-125 words = _words(change[""device""]); named = [k for k in change[""candidates""] if words & _words(k[""name""])]; candidate = (named or change[""candidates""])[0][""n""]; :129 ""confidence"": ""low"". backend/app/redesign/service.py:794-866 _place does not read confidence; :740 erasable.","Static (no run): read prepare.py:117-130 (fallback_answer) and service.py:794-866 (_place). Proposed bounded case: a REMOVE change whose device name shares no word with any of its candidates, plan with prep AI off, read change.remove. Not executed by S7 or by this milestone.","N02 Placement by agents, or by the platform alone (S13 Deterministic placement conversion, unchanged)","fallback_answer chooses candidate 1 when no name matches and _place ignores the confidence it sets (S7 C03).","CONFIRMED (code)","Not rated (S7 gives severity and cause status only; cause read from source, not run)","Yes","backend/app/redesign/prepare.py:109-114, 117-130; backend/app/redesign/service.py:740, 794-866","Named case only: test_with_the_agents_off_a_change_goes_to_the_reviews_point_with_the_drawings_symbol_named_like_it (backend/tests/test_drawing_prep.py:149; the heat-detector example resolves to candidate 2). The unnamed case is untested.","M5 / M8 (proposed)","UNREVIEWED"
"RD-M1R-C04","none (code-confirmed; no Golden evidence exists for preparation, coverage or the gate)","F. AI behaviour - floor review is structured text, not a picture","n/a","High","n/a (code finding)","n/a","n/a","n/a","n/a","n/a","An orchestrator verdict of 'ok' rests on what the plan shows (an image), as the coordination agent's does, so that it can attest placement and not only restate the platform's numbers (roadmap s3, M12: structured-text review alone cannot prove visual placement).","The orchestrator receives one floor's changes as JSON data (ids, device names, confidences, metres_from_review_point, on_wall, column_clear, the platform's own coordination and coverage) and no ImagePart. 'ok' cannot attest a wall behind the device, a door swing or a symbol on a note.","S7 C04. backend/app/redesign/prepare.py:656-660 result = assist.call_task(session, AG.REVIEW_TASK, AG.REVIEW_SYSTEM, [TextPart(""the floor's changes (data)"", json.dumps(payload, default=str))], AG.REVIEW_SCHEMA, ...); backend/app/redesign/agents.py:74 ""You receive one floor's changes as JSON data""; payload built by _review_input (backend/app/redesign/prepare.py:629-647). Compare N06 (prepare.py:383-414), which sends an image.","Static (no run): read prepare.py:629-666 and agents.py:70-99. Proposed bounded case: capture the parts passed to assist.call_task for N09 and assert none is an image part. Not executed by S7 or by this milestone.","N09 Orchestrator floor review","_ask_review builds only TextPart input (S7 C04).","CONFIRMED (code)","Not rated (S7 gives severity and cause status only; cause read from source, not run)","Yes","backend/app/redesign/prepare.py:629-647, 650-666; backend/app/redesign/agents.py:70-99, 158-185","None asserts an image part: the fake model builds its answer from text parts only (backend/tests/test_drawing_prep.py:191-212, :215).","M12 (proposed)","UNREVIEWED"
"RD-M1R-C05","none (code-confirmed; no Golden evidence exists for preparation, coverage or the gate)","F. AI behaviour - a per-change orchestrator verdict is not required","n/a","Medium","n/a (code finding)","n/a","n/a","n/a","n/a","n/a","Every change on the floor receives a verdict, and omissions, a 'needs_engineer' recommendation and open questions reach the gate.","review_problem checks keys and types, not that every id was judged; read_review keeps only the verdicts it was given; a change with no verdict counts as fine; the gate counts only 'reject' and 'check'; recommendation and open_questions are stored in run.review but gate() reads neither; the floor is 'done' as soon as the call returned.","S7 C05. backend/app/redesign/agents.py:158-171 review_problem; :177-181 read_review; backend/app/redesign/prepare.py:713-715 for c in by_page[page]: if c[""id""] in answer[""verdicts""]: c[""check""] = ...; :761-765 gate counts reject and check only; :716-717 recommendation and open_questions stored; :732 floor state done.","Static (no run): read agents.py:158-185 and prepare.py:705-733, 739-773. Proposed bounded case: a fake orchestrator answer that omits one id and recommends needs_engineer, then read run.gate. Not executed by S7 or by this milestone.","N09 Orchestrator floor review; N10 Preparation gate","The answer validator does not require full coverage of ids and the gate does not read recommendation or open_questions (S7 C05).","CONFIRMED (code)","Not rated (S7 gives severity and cause status only; cause read from source, not run)","Yes","backend/app/redesign/agents.py:158-181; backend/app/redesign/prepare.py:705-733, 739-773","None omits an id: the fake model answers every id (backend/tests/test_drawing_prep.py:191-212).","M12 (proposed)","UNREVIEWED"
"RD-M1R-C06","none (code-confirmed; no Golden evidence exists for preparation, coverage or the gate)","G. Workflow - gate omits conditions the run itself records","n/a","Medium","n/a (code finding)","n/a","n/a","n/a","n/a","n/a","The gate states every condition the run records that makes a plan unready, or lists it as unchecked.","(a) A drawing whose columns index could not be read is 'ready': the failure is only a log line and coordination['columns'] is None with no reason. (b) A detector the platform moved more than 1 m from the review's point is a note to the agent, not a gate reason. (c) A plot-fit residual above 1 m is computed as 'confirm' but is not a gate reason and does not affect _drawn (RD-M1-F035 stands). (d) A REMOVE whose symbol is not directly erasable ('erase by hand') is not a reason. (e) Interface modules are excluded from the gate and from the orchestrator.","S7 C06. backend/app/redesign/prepare.py:84-86 columns() swallows the failure; :749 on_column computed only if cols is not None; :501 coordination[""columns""] is None; :293-301 > 1 m note; :744 interface modules excluded; :679 excluded from the orchestrator. backend/app/redesign/service.py:1552-1553 confirm computed for the page; :1408-1409 'erase by hand'.","Static (no run): read prepare.py:73-89, 491-501, 739-773 and service.py:1535-1564. Proposed bounded case: a plan with no columns index (read failure) and read run.gate.state. Not executed by S7 or by this milestone.","N10 Preparation gate; N03 Column index","gate() reads only the reasons it was written with (S7 C06).","CONFIRMED (code)","Not rated (S7 gives severity and cause status only; cause read from source, not run)","Yes","backend/app/redesign/prepare.py:73-89, 293-301, 491-501, 679, 739-773; backend/app/redesign/service.py:1408-1409, 1552-1553","Only the reasons that exist are asserted: backend/tests/test_drawing_prep.py:161.","M5 / M8 (proposed)","UNREVIEWED"
"RD-M1R-C07","none (code-confirmed; no Golden evidence exists for preparation, coverage or the gate)","G. Workflow - gate, run summary and orchestrator verdicts are snapshots","n/a","Medium","n/a (code finding)","n/a","n/a","n/a","n/a","n/a","An engineer edit, and the re-coordination at Apply's refresh, recompute or invalidate the gate, the run summary and the verdicts they depend on.","adjust() changes status, insert and coverage but never row.run and never removes change['check']; view returns row.run as stored; _drawn reads check.verdict made on the placement before the engineer moved it; apply() calls refresh() first, which can re-coordinate positions after the verdict was given. 'Ready for the draftsman' can describe a plan that no longer exists.","S7 C07. backend/app/redesign/service.py:1265-1321 adjust; :1564 view returns row.run; :700 _drawn reads check.verdict; :1495 refresh() at Apply; :1440-1443, 1473 re-coordination. frontend/src/components/prep/AgentRunPanel.tsx:55 shows run.gate.","Static (no run): read service.py:1265-1321 and 1479-1499. Proposed bounded case: plan, move a detector with the PATCH route, read run.gate and change.check unchanged. Not executed by S7 or by this milestone.","N08 Coverage re-measure after an engineer edit; N10 Preparation gate; S15 Manual engineer changes; S20 CAD script generation","No code path writes row.run or clears change['check'] after the plan job (S7 C07).","CONFIRMED (code)","Not rated (S7 gives severity and cause status only; cause read from source, not run)","Yes","backend/app/redesign/service.py:700, 1265-1321, 1440-1443, 1473, 1495, 1564; backend/app/redesign/prepare.py:601-623; frontend/src/components/prep/AgentRunPanel.tsx:55","None.","M5 (proposed)","UNREVIEWED"
"RD-M1R-C08","none (code-confirmed; no Golden evidence exists for preparation, coverage or the gate)","G. Workflow - stale plan after a decision reversal or a schedule change; re-plan drops approvals asymmetrically","n/a","High","n/a (code finding)","n/a","n/a","n/a","n/a","n/a","A review decision that is reversed or whose proposal changed, and an interface schedule that stops being verified, are seen by Apply, and a re-plan treats approvals consistently.","Apply draws whatever row.changes holds; neither decide nor decide_many touches the redesign row; the view only reports 'undecided'. An accepted finding the engineer later dismisses or reopens, or whose proposal changed so the decision returned to 'open', is still drawn until the plan is run again. On a re-plan only changes whose finding is absent from the review are carried over, so an engineer-approved change whose finding is present but no longer accepted is dropped, approval included, while one whose finding vanished is kept. Interface modules are checked as verified at plan and add time only; an approved module stays drawn after the schedule stops being verified.","S7 C08. backend/app/redesign/service.py:1496 Apply draws row.changes; :1179 accepted = [f for f in view[""findings""] if f[""decision""] == ""accepted"" ...]; :1192-1194 carry-over only when the finding is absent; :1199 and :649 interfaces_verified asked at plan and add time; :1544, 1558 view reports undecided. backend/app/review/service.py:693-706 a decision whose proposal changed returns to 'open'. No 'redesign' reference in backend/app/review or backend/app/routers/drawing_review.py.","Static (no run): grep -n redesign over backend/app/review and backend/app/routers/drawing_review.py (no hit); read service.py:1179-1199. Proposed bounded case: approve a change, dismiss its finding, read the drawn set, then re-plan and read the change. Not executed by S7 or by this milestone.","S16 Plan persistence; S18 Approval/rejection state; S20 CAD script generation; N12 Interface verification gate and anchor contract; N14 Review decisions kept to their proposal","The redesign row is not linked to review decision changes, and the re-plan merge keys on whether the finding is present, not on its decision (S7 C08).","CONFIRMED (code)","Not rated (S7 gives severity and cause status only; cause read from source, not run)","Yes","backend/app/redesign/service.py:649, 1179-1199, 1496, 1544, 1558; backend/app/review/service.py:693-706; backend/app/routers/drawing_review.py:104-156, 258-287","None for reversal; the keep-when-the-finding-is-gone behaviour is pinned (test_a_devices_job_after_the_review_lost_its_answers_keeps_every_change_and_the_engineers_word, backend/tests/test_drawing_prep.py:416).","M5 / M7 (proposed)","UNREVIEWED"
"RD-M1R-C09","none (code-confirmed; no Golden evidence exists for preparation, coverage or the gate)","G. Workflow - a partly reviewed drawing is accepted by Redesign","n/a","Medium","n/a (code finding)","n/a","n/a","n/a","n/a","n/a","Redesign accepts a drawing as reviewed only when the review outcome is complete, in the server and on the page.","The review sets row.status 'done' when some windows failed or are incomplete and only words the error text; outcome() calls that 'partial'; Redesign's _review() accepts any 'done'; the page's Place buttons use review_status === 'done' while the step badge uses review_state, so the page can show 'part' on Review and still prepare devices. Rooms never reviewed yield no findings, hence no changes and no coverage.","S7 C09. backend/app/review/service.py:259-263 status done with failed or incomplete windows; :431-434 outcome partial. backend/app/redesign/service.py:87-88 _review accepts done. frontend/src/components/prep/RedesignPanel.tsx:150, 178, 217 review_status === ""done""; frontend/src/pages/ProjectDrawingPrepPage.tsx:60-68 step badge uses review_state.","Static (no run): read review/service.py:259-263, 364-435 and redesign/service.py:80-88. Proposed bounded case: a review row with one failed window, read its outcome and start the plan job. Not executed by S7 or by this milestone.","S02 Drawing/source selection; S16 Plan persistence; N13 Review outcome and resumable looks","status and outcome are separate and _review() reads status only (S7 C09).","CONFIRMED (code)","Not rated (S7 gives severity and cause status only; cause read from source, not run)","Yes","backend/app/review/service.py:259-263, 400-435; backend/app/redesign/service.py:80-88; frontend/src/components/prep/RedesignPanel.tsx:150, 178, 217; frontend/src/pages/ProjectDrawingPrepPage.tsx:60-68","Review side only: test_a_blocked_attempt_on_a_partly_reviewed_drawing_leaves_it_partial (backend/tests/test_drawing_review_outcome.py:292). Redesign's acceptance of a partial review is untested.","M5 / M12 (proposed)","UNREVIEWED"
"RD-M1R-C10","none (code-confirmed; no Golden evidence exists for preparation, coverage or the gate)","A. Source and extraction - room fill and coverage rest on the raw-layer wall and boundary index","D. Coverage and engineering rules","High","n/a (code finding)","n/a","n/a","n/a","n/a","n/a","Room fill and coverage read the effective layer and visibility of entities (layer on/frozen/no-plot, viewport freeze, invisible flag, containment), not the raw layer (roadmap s3: new room coverage code cannot compensate for an untrusted wall index).","coverage.py reads the raw layer and tests the BOUND_LAYERS pattern; the fallback is double_lines over walls.py's raw-layer deny-list (identical to RD-M1). RD-M1 found raw layer 0 with effective layer 29-PARKING admitted (F006), 4,351 invisible-flag segments (F005) and no containment model (F022); none of visibility, layer state, viewport freeze or effective layer is read. Gate, added detectors and best spots all come from the rooms this builds. Instance effects on GC-01 are not asserted.","S7 C10. backend/app/redesign/coverage.py:136-137 entity.dxf.get(""layer"") (raw); :48 BOUND_LAYERS WALL|DOOR|GLASS|GLAZ|SILL|WINDOW|WIN|CURTAIN|PARTITION|COLUMN|COLS?|S-COL; :273-276 fallback to double lines of the wall index; backend/app/redesign/walls.py:25-26 NOT_WALLS, :27 VERSION 1 (file identical to RD-M1, hash 6433e5703d5c).","Static (no run): read coverage.py:118-175, 235-324 and walls.py:23-27. A visual or instance-level reproduction needs the GC-01 DXF, plot and wall index, which are not in this repository (S7 Table E). Not executed by S7 or by this milestone.","S08 Wall extraction and caching (unchanged); N03 Column index; N04 Room fill; N05 Coverage measurement","The new coverage code reads the same raw layer data as the RD-M1 wall index (S7 C10; links RD-M1-F005, F006, F022).","CONFIRMED (code)","Not rated (S7 gives severity and cause status only; cause read from source, not run)","Yes","backend/app/redesign/coverage.py:48, 118-175, 235-260, 267-324; backend/app/redesign/walls.py:23-27","Synthetic Walls only (backend/tests/test_drawing_prep.py:21-34); no test uses a DXF/DWG file.","M8 (proposed)","UNREVIEWED"
"RD-M1R-C11","none (code-confirmed; no Golden evidence exists for preparation, coverage or the gate)","A. Source and extraction - distances taken as metres in room fill, coverage, radius and library scale (latent)","D. Coverage and engineering rules","Medium","n/a (code finding)","n/a","n/a","n/a","n/a","n/a","Coverage, radius and room-fill distances use the drawing's real units, not an assumed metre.","coverage.py states distances are in the drawing's units, taken as metres; the 6.3 radius is compared with model coordinates; RADIUS_M = 8.0 and the library scale use the same assumption. _units() exists and is used only for the Apply marker size. On a drawing in mm a 6.3 radius is 6.3 mm: every room would be uncovered and best_spots would add up to 12 per room. Whether GC-01 is in metres is not verified. Latent.","S7 C11. backend/app/redesign/coverage.py:19 ""Distances are in the drawing's units, taken as metres (as the walls)""; :330-342, backend/app/redesign/prepare.py:68-70 radius; backend/app/redesign/service.py:59 RADIUS_M = 8.0; :407-411 _paper_scale; :1392-1397 _units(); :1494 marker size; backend/app/redesign/coverage.py:368 most=12.","Static (no run): read coverage.py:19, 330-414 and service.py:1392-1397, 1494. Proposed bounded case: a synthetic plan whose coordinates are 1000 times larger (mm) and read the uncovered count. Not executed by S7 or by this milestone.","N03 Column index; N04 Room fill; N05 Coverage measurement; S10 Device/module identification","Metres are assumed in coverage code; real units are read only at Apply (S7 C11).","CONFIRMED (code)","Not rated (S7 gives severity and cause status only; cause read from source, not run)","Yes","backend/app/redesign/coverage.py:19, 330-414; backend/app/redesign/prepare.py:68-70; backend/app/redesign/service.py:59, 407-411, 1392-1397, 1494","None with a non-metre drawing (tests use 0.1 m per pt).","M8 (proposed)","UNREVIEWED"
"RD-M1R-C12","none (code-confirmed; no Golden evidence exists for preparation, coverage or the gate)","D. Coverage and engineering rules - coverage measured only in rooms that receive an added or replaced detector","n/a","Medium","n/a (code finding)","n/a","n/a","n/a","n/a","n/a","The 'every room covered' statement is made only for rooms that were measured, and a REMOVE of a detector triggers a measurement.","Rooms are made only from changes that are detectors being added or replaced. Rooms with no new detector, and any room where the engineer's change is a REMOVE of a detector, are never measured, yet the page says 'no device on a column or another device, every room covered at 6.3 m' and the panel says 'Ready for the draftsman'.","S7 C12. backend/app/redesign/prepare.py:96-99 is_detector; :235-253 rooms. frontend/src/pages/ProjectDrawingPrepPage.tsx:81-83 'every room covered at 6.3 m'.","Static (no run): read prepare.py:96-99, 235-253 and ProjectDrawingPrepPage.tsx:81-83. Proposed bounded case: a plan whose only change is a detector REMOVE; read run.coordination and the page text. Not executed by S7 or by this milestone.","N05 Coverage measurement, best spots, room grouping; N10 Preparation gate","Room selection starts from new detector changes only (S7 C12).","CONFIRMED (code)","Not rated (S7 gives severity and cause status only; cause read from source, not run)","Yes","backend/app/redesign/prepare.py:96-99, 235-253; frontend/src/pages/ProjectDrawingPrepPage.tsx:81-83","Only rooms that receive a detector are tested.","M8 (proposed)","UNREVIEWED"
"RD-M1R-C13","none (code-confirmed; no Golden evidence exists for preparation, coverage or the gate)","D. Coverage and engineering rules - existing detectors counted by name pattern; heat and smoke share one radius","n/a","Medium","n/a (code finding)","n/a","n/a","n/a","n/a","n/a","Existing detectors are identified by device type, not by a name regex, and heat and smoke detectors each use their own radius.","DETECTOR = re.compile(DETECTOR|SMOKE|HEAT|MULTI[-\s]?SENSOR|\bOS\b|\bHD\b|\bSD\b) is applied to the symbol's device-type name or block label: anything whose name contains SMOKE or HEAT (a smoke damper module, a smoke-control panel) counts as a detector that covers the room, which under-adds detectors. prep_heat_radius_m and prep_smoke_radius_m are both 6.3.","S7 C13. backend/app/redesign/prepare.py:59 DETECTOR regex; :264, 609 applied to the name or label; :68-70 radius(); backend/app/core/config.py:433-434 prep_heat_radius_m = prep_smoke_radius_m = 6.3.","Static (no run): read prepare.py:59, 263-265, 609 and config.py:431-436. Proposed bounded case: a synthetic symbol named 'SMOKE DAMPER MODULE' in a room and read the room's measured coverage. Not executed by S7 or by this milestone.","N05 Coverage measurement, best spots, room grouping","Detector identity is a name regex and the radius is a single value (S7 C13).","CONFIRMED (code)","Not rated (S7 gives severity and cause status only; cause read from source, not run)","Yes","backend/app/redesign/prepare.py:59, 68-70, 264, 609; backend/app/core/config.py:431-436","None with a non-detector name.","M8 (proposed)","UNREVIEWED"
"RD-M1R-C14","none (code-confirmed; no Golden evidence exists for preparation, coverage or the gate)","D. Coverage and engineering rules - the erased-handle set ignores change status","n/a","Low","n/a (code finding)","n/a","n/a","n/a","n/a","n/a","Only removals that will actually be drawn (approved, or drawn by the status rule) are treated as erased in the coverage measurement.","erased = {(c.get('remove') or {}).get('handle') for c in changes if c.get('remove')} counts every change with a remove, whatever its status: a detector whose REMOVE the engineer skipped stays on the drawing but is treated as gone, so coverage is under-stated and detectors are over-added (conservative direction).","S7 C14. backend/app/redesign/prepare.py:498 and :620 erased = {(c.get(""remove"") or {}).get(""handle"") for c in changes if c.get(""remove"")}.","Static (no run): read prepare.py:498 and 620. Proposed bounded case: skip a detector REMOVE and read the room's coverage. Not executed by S7 or by this milestone.","N05 Coverage measurement, best spots, room grouping; N08 Coverage re-measure after an engineer edit","The set comprehension has no status filter (S7 C14).","CONFIRMED (code)","Not rated (S7 gives severity and cause status only; cause read from source, not run)","Yes","backend/app/redesign/prepare.py:498, 620","None.","M8 (proposed)","UNREVIEWED"
"RD-M1R-C15","none (code-confirmed; no Golden evidence exists for preparation, coverage or the gate)","I. Data governance / scope - ai_policy is consulted by no review, preparation, redesign or scoped-review AI path","n/a","High","n/a (code finding)","n/a","n/a","n/a","n/a","n/a","A project whose ai_policy is 'blocked' has none of its documents sent to an AI provider by review, preparation, redesign or the scoped review.","project_policy.allowed/require is used by sheet_reader, verification, submittal_reader, extraction, sample_request and compliance; a grep for ai_policy or project_policy over backend/app/review, backend/app/redesign, routers/redesign.py, routers/drawing_review.py and ifc/services/runners.py returns nothing. Review looks send plan crops and room names; placement, coordination and orchestrator send plan crops and JSON about the project; the scoped run does too. A project set to 'blocked' still has them sent when a switch is on.","S7 C15 and B2 N18. backend/app/ai/project_policy.py (not referenced from the paths above); backend/app/review/service.py:438-527 review looks; backend/app/redesign/prepare.py:383-414, 650-666; backend/app/redesign/service.py:1112-1142 _ask; backend/app/review/scoped.py; backend/app/compliance/assist.py:248-340 (no project_policy check on the path). S2 s7.2 #4.","Static (no run): grep -rn ""ai_policy\|project_policy"" over backend/app/review backend/app/redesign backend/app/routers/redesign.py backend/app/routers/drawing_review.py backend/app/ifc/services/runners.py (no hit); then read the call sites listed. The deployed switch values and each project's ai_policy are not known (S7 s7 unknown 3). Not executed by S7 or by this milestone.","N02 Placement by agents; N06 Coordination agent; N09 Orchestrator floor review; N13 Review outcome and resumable looks; N17 Scoped review run; N18 Review/prep model route","The AI call paths added for review and preparation do not call the policy gate used elsewhere (S7 C15).","CONFIRMED (code)","Not rated (S7 gives severity and cause status only; cause read from source, not run)","Yes","backend/app/ai/project_policy.py; backend/app/review/service.py:438-527; backend/app/redesign/prepare.py:383-414, 650-666; backend/app/redesign/service.py:1112-1142; backend/app/review/scoped.py; backend/app/compliance/assist.py:248-340","None: no ai_policy in the five test files.","M3 / M12 (proposed)","UNREVIEWED"
"RD-M1R-C16","none (code-confirmed; no Golden evidence exists for preparation, coverage or the gate)","I. Data governance / scope - review rulings are company-wide","G. Workflow","High","n/a (code finding)","n/a","n/a","n/a","n/a","n/a","One project's rulings are not shown to, matched against or deletable from another project, and deleting a project does not silently reopen other projects' dismissals.","listed(db) has no project filter; prompt(db) puts up to 80 rulings, with room names, notes and instructions, into every project's review prompt, and a new ruling changes the prompt version so every project's looks are asked again; build uses R.not_needed(db) to set decision 'dismissed', by_ruling True on another project's findings, which then never reach Redesign; the page payload returns every ruling's room, instruction, note and project_id; DELETE /drawing-review/rulings/{id} checks neither project nor owner; project deletion removes the project's rulings, silently reopening other projects' by-ruling dismissals. RD-M1's DB snapshot already held 108 review_rulings rows across 10 projects (E12 table_counts), at most 80 of which enter a prompt.","S7 C16. backend/app/review/rulings.py:59-60 listed(db); :71-90 prompt(db); :25 limit 80; backend/app/review/service.py:175-177, 296-300 version; :688, 719-723 R.not_needed; :750-753 payload; backend/app/routers/drawing_review.py:290-304 DELETE; backend/app/services/project_deletion.py:97; backend/app/redesign/service.py:1179 (dismissed findings never reach Redesign).","Static (no run): read rulings.py:59-100, review/service.py:688-723, 750-753, drawing_review.py:290-304. RD-M1 evidence E12 (table_counts) holds the 108-row count. Proposed bounded case: two projects, a ruling in project A, read project B's review prompt and findings. Not executed by S7 or by this milestone.","N16 Rulings (company-wide); S06 Room and geometry discovery","review_rulings rows carry project_id but no read, match or delete path filters by it (S7 C16, B2 N16).","CONFIRMED (code)","Not rated (S7 gives severity and cause status only; cause read from source, not run)","Yes","backend/app/review/rulings.py:25, 59-60, 71-100; backend/app/review/service.py:175-177, 296-300, 688, 719-723, 750-753; backend/app/routers/drawing_review.py:149-151, 280-282, 290-304; backend/app/services/project_deletion.py:97","Single-project test only (test_the_engineers_rulings_settle_the_same_change_elsewhere_and_go_to_the_model, backend/tests/test_drawing_review.py:192-238).","M3 / M12 (proposed)","UNREVIEWED"
"RD-M1R-C17","none (code-confirmed; no Golden evidence exists for preparation, coverage or the gate)","C. Placement - a 'not needed' ruling is matched on room kind, system and action, not on the device","D. Coverage and engineering rules","High","n/a (code finding)","n/a","n/a","n/a","n/a","n/a","A ruling suppresses a finding only for the same device, so a different required device is not dismissed.","The model sees rulings keyed (room_key or room_type, system, action, device) but the automatic dismissal uses (room_key, system, action) only. The six systems are coarse: 'speaker' covers ceiling speakers, wall speakers and sounder-flashers, and the company rules require a sounder-flasher in pump rooms. So 'NOT NEEDED: ADD ceiling speaker in PUMP ROOM' settles 'ADD sounder-flasher in PUMP ROOM' as dismissed by ruling on every floor and in every project; the only trace is the note 'By ruling (<room>)'.","S7 C17. backend/app/review/rulings.py:77 model key includes device; :96-99 dismissal key omits it; backend/app/review/service.py:719-723 for kind in (""room"", ""spacing""); backend/app/review/ai.py SYSTEMS and RULES.","Static (no run): read rulings.py:71-100 and review/service.py:719-723. Proposed bounded case: record 'not needed' for a ceiling speaker in a pump room, then build a review holding a sounder-flasher finding in a pump room. Not executed by S7 or by this milestone.","N16 Rulings (company-wide); S06 Room and geometry discovery","The auto-dismissal key was written without the device field (S7 C17).","CONFIRMED (code)","Not rated (S7 gives severity and cause status only; cause read from source, not run)","Yes","backend/app/review/rulings.py:71-100; backend/app/review/service.py:719-723; backend/app/review/ai.py (SYSTEMS, RULES)","Same-device case only: backend/tests/test_drawing_review.py:192 uses the same device on both floors.","M12 (proposed)","UNREVIEWED"
"RD-M1R-C18","none (code-confirmed; no Golden evidence exists for preparation, coverage or the gate)","I. Data governance / scope - bulk accept writes a company-wide CONFIRMED ruling for every accepted finding","G. Workflow","Medium","n/a (code finding)","n/a","n/a","n/a","n/a","n/a","A one-click bulk accept does not record a standing company instruction without an explicit engineer decision to do so.","For every finding in the batch the bulk accept calls record_decision and then R.record(..., 'accepted', ...). The ruling text given to every later review says 'They show what this company wants: follow them over your own reading ... propose what they CONFIRMED wherever the same situation occurs'. A bulk acceptance is therefore recorded as the engineers' standing instruction. The code is byte-identical to RD-M1, which did not audit the review.","S7 C18. backend/app/routers/drawing_review.py:278-282 elif f[""decision""] != ""accepted"": service.record_decision(...); R.record(db, project.id, drawing.id, f, ""accepted"", user_id=current_user.id); backend/app/review/rulings.py:86-89 ruling prompt text.","Static (no run): read drawing_review.py:258-287 and rulings.py:71-90. Proposed bounded case: bulk accept two findings and count review_rulings rows. Not executed by S7 or by this milestone.","N16 Rulings (company-wide)","The bulk route reuses the single-decision ruling write for every accepted finding (S7 C18).","CONFIRMED (code)","Not rated (S7 gives severity and cause status only; cause read from source, not run)","Yes","backend/app/routers/drawing_review.py:258-287; backend/app/review/rulings.py:71-90","Not asserted: _reviewed_drawing uses the bulk endpoint (backend/tests/test_drawing_prep.py:303) without asserting rulings.","M3 / M12 (proposed)","UNREVIEWED"
"RD-M1R-C19","none (code-confirmed; no Golden evidence exists for preparation, coverage or the gate)","G. Workflow - kept answers are relabelled with the current prompt and rulings version","n/a","Medium","n/a (code finding)","n/a","n/a","n/a","n/a","n/a","A sheet's stored answers keep the prompt and rulings version under which they were produced, so outcome() and build can tell a current answer from an older one.","When keep_answered is set (always in a scoped run) old windows and answers are kept and every planned sheet is stamped with the current prompt+rulings version. A sheet's stored answers can have been produced under older rulings or prompt text while the row says current; outcome() and build cannot tell.","S7 C19. backend/app/review/service.py:300 if old and (keep_answered or old.get(""prompt_version"") == version): ...; :311 sh[""prompt_version""] = version; backend/app/review/scoped.py:384-385 and preflight :124-125 set keep_answered.","Static (no run): read review/service.py:287-328 and scoped.py:124-125, 380-392. Proposed bounded case: a sheet answered under rulings text A, change the rulings, continue the review and read the sheet's prompt_version. Not executed by S7 or by this milestone.","N13 Review outcome and resumable looks; N17 Scoped review run","The version stamp is written for all planned sheets after the keep decision (S7 C19).","CONFIRMED (code)","Not rated (S7 gives severity and cause status only; cause read from source, not run)","Yes","backend/app/review/service.py:287-328 (300, 311); backend/app/review/scoped.py:124-125, 384-385","Keep-and-ask-the-rest is pinned (test_the_continuation_asks_only_what_is_left_and_keeps_what_was_answered, backend/tests/test_scoped_drawing_review.py:479); the label is not.","M12 / M7 (proposed)","UNREVIEWED"
"RD-M1R-C20","none (code-confirmed; no Golden evidence exists for preparation, coverage or the gate)","G. Workflow - GET /redesign/{did} runs the review build (geometry fit, row creation, commit)","n/a","Medium","n/a (code finding)","n/a","n/a","n/a","n/a","n/a","An ordinary tab read performs no business writes (roadmap M10).","view calls review.build(...) and db.commit(); build calls _fit (DXF parse, writes row.sheets) and commits; state() creates rows. The Prep page polls GET /redesign/{did}. The same chain exists in the drawing-review GET, export, markup and draftsman routes. Extends RD-M1-F019.","S7 C20. backend/app/redesign/service.py:1541-1545 view; :70-77 state(); backend/app/review/service.py:593-596, 537-554 build and _fit; :49-57 state(); S2 Table C rows 17, 19, 20, 22, 26; S5.","Static (no run): read redesign/service.py:1535-1564 and review/service.py:537-596. Proposed bounded case: GET the redesign view twice and compare the stored rows. Not executed by S7 or by this milestone.","S18 Approval/rejection state (view); S05 Sheet/floor detection; plot-model tie","view() uses the read-write review.build rather than a pure read (S7 C20; RD-M1-F019).","CONFIRMED (code)","Not rated (S7 gives severity and cause status only; cause read from source, not run)","Yes","backend/app/redesign/service.py:70-77, 1535-1564; backend/app/review/service.py:49-57, 537-554, 593-596","None asserts a GET leaves the stored rows unchanged.","M10 (proposed)","UNREVIEWED"
"RD-M1R-C21","none (code-confirmed; no Golden evidence exists for preparation, coverage or the gate)","G. Workflow - a preparation run cannot be reproduced from what it stores","n/a","Low","n/a (code finding)","n/a","n/a","n/a","n/a","n/a","A run stores the orchestrator payload, the coordination picture and text, and the model answers needed to reproduce it.","record() keeps stage, label, floor, room, state, seconds and the first 160 characters of the outcome. The orchestrator payload, the coordination picture and text and the model's answers are not stored on the row; answers exist only in the result cache (keys {sha}:coord:{room}, {sha}:review:{page}, with a TTL). RD-M1-F014 (symbol list not stored) stands and the new agents add the same gap.","S7 C21. backend/app/redesign/prepare.py:189-191, 534-538, 723-725 record(); :690 orchestrator payload; :329-380, 398-403 coordination picture and text.","Static (no run): read prepare.py:189-191, 329-403, 534-538, 690, 723-725. Not executed by S7 or by this milestone.","N06 Coordination agent; N09 Orchestrator floor review","Only a summary line is written to run.agents (S7 C21).","CONFIRMED (code)","Not rated (S7 gives severity and cause status only; cause read from source, not run)","Yes","backend/app/redesign/prepare.py:189-191, 329-403, 534-538, 690, 723-725","None.","M12 / M7 (proposed)","UNREVIEWED"
"RD-M1R-C22","none (code-confirmed; no Golden evidence exists for preparation, coverage or the gate)","G. Workflow - the preparation agents cannot be switched off while AI_ENABLED is on; the gate names the wrong switch","n/a","Low","n/a (code finding)","n/a","n/a","n/a","n/a","n/a","PREP_AI_ENABLED switches the agents independently, as config.py describes ('like the FA Interfaces workflow, AI_ENABLED staying off for the rest'), and the gate names the condition that is true.","prep_ai_on() is settings.ai_enabled or settings.prep_ai_enabled. With AI_ENABLED on (RD-M1's G copy had it on) the agents run, prep_max_concurrency is ignored, and the gate's reason reads 'not reviewed by the orchestrator (PREP_AI_ENABLED is off)' while the condition is 'neither switch is on'.","S7 C22 and B2 N01. backend/app/ai/provider.py:920-924 prep_ai_on; :934-935 prep_max_concurrency not applied; backend/app/core/config.py:421-424; backend/app/redesign/prepare.py:767 gate reason text. S7 s7 'Corrections to S2': S2 Table A row PREP.plan_run said 'only when PREP_AI_ENABLED'.","Static (no run): read provider.py:920-941, config.py:421-436 and prepare.py:739-773. Proposed bounded case: AI_ENABLED on, PREP_AI_ENABLED off, plan, read run.ai. Not executed by S7 or by this milestone.","N01 Preparation switch, provider, run record; N10 Preparation gate","The switch is an OR of two settings and the gate text assumes only one (S7 C22).","CONFIRMED (code)","Not rated (S7 gives severity and cause status only; cause read from source, not run)","Yes","backend/app/ai/provider.py:920-941; backend/app/core/config.py:421-436; backend/app/redesign/prepare.py:767","None with AI_ENABLED on and PREP_AI_ENABLED off.","M12 (proposed)","UNREVIEWED"
