item,cohort,scope,doc,page,page_image,row,kind,proposed_part_number,proposed_quantity,proposed_description,label_note,label_origin,human_row_type,human_part_number,human_part_status,human_quantity,human_quantity_source,human_quantity_status,human_uncertainty,human_reviewer,human_date,human_notes
B0001,pilot,frozen 20 % sample,EP-14119/EP-14119 Commercial/EP-14119 BOQ.pdf,1,../../review07/human-review-packet/pages/a7ba8ee4a56c2368-p1.jpg,8,component,3-ASU/FT,1,Audio Source Unit/Fire Fighters Telephone Control Unit,,AI-drafted Golden BOQ label -- not a human signature,,,,,,,,,,
B0002,pilot,frozen 20 % sample,EP-14119/EP-14119 Commercial/EP-14119 BOQ.pdf,1,../../review07/human-review-packet/pages/a7ba8ee4a56c2368-p1.jpg,12,component,3-CAB14D,1,White door assembly for 3-CAB14,,AI-drafted Golden BOQ label -- not a human signature,,,,,,,,,,
B0003,pilot,frozen 20 % sample,EP-14119/EP-14119 Commercial/EP-14119 BOQ.pdf,1,../../review07/human-review-packet/pages/a7ba8ee4a56c2368-p1.jpg,14,component,12V40A,2,40Ah Sealed Lead Acid Battery - 12 Vdc,,AI-drafted Golden BOQ label -- not a human signature,,,,,,,,,,
B0004,pilot,critical disagreement (deterministic reader),EP-14119/EP-14119 Commercial/EP-14119 BOQ.pdf,1,../../review07/human-review-packet/pages/a7ba8ee4a56c2368-p1.jpg,17,component,SIGA-AA50,2,Intelligent Audio Amplifier - 50 Watt,,AI-drafted Golden BOQ label -- not a human signature,,,,,,,,,,
B0005,pilot,frozen 20 % sample,EP-14119/EP-14119 Commercial/EP-14119 BOQ.pdf,1,../../review07/human-review-packet/pages/a7ba8ee4a56c2368-p1.jpg,18,component,APS6A/230,1,"Auxiliary power supply, 6.5 Amp, 230V",,AI-drafted Golden BOQ label -- not a human signature,,,,,,,,,,
B0006,pilot,frozen 20 % sample,EP-14119/EP-14119 Commercial/EP-14119 BOQ.pdf,1,../../review07/human-review-packet/pages/a7ba8ee4a56c2368-p1.jpg,20,component,12V10A,2,10Ah Sealed Lead Acid Battery - 12 Vdc,,AI-drafted Golden BOQ label -- not a human signature,,,,,,,,,,
B0007,pilot,frozen 20 % sample,EP-14119/EP-14119 Commercial/EP-14119 BOQ.pdf,1,../../review07/human-review-packet/pages/a7ba8ee4a56c2368-p1.jpg,24,component,SIGA-CT2,1,Dual Input Module,,AI-drafted Golden BOQ label -- not a human signature,,,,,,,,,,
B0008,pilot,frozen 20 % sample,EP-14119/EP-14119 Commercial/EP-14119 BOQ.pdf,1,../../review07/human-review-packet/pages/a7ba8ee4a56c2368-p1.jpg,28,line,G4HFRN-S7VMC,90,"Genesis High Fidelity Wall Speaker-strobe, red, no marking, 70V, visual multi-candela, clear lens",,AI-drafted Golden BOQ label -- not a human signature,,,,,,,,,,
B0009,pilot,frozen 20 % sample,EP-14119/EP-14119 Commercial/EP-14119 BOQ.pdf,1,../../review07/human-review-packet/pages/a7ba8ee4a56c2368-p1.jpg,32,line,6830-3,4,Portable (Plug-in) Telephone Handset - BLACK,,AI-drafted Golden BOQ label -- not a human signature,,,,,,,,,,
B0010,pilot,frozen 20 % sample,EP-25091/EP-25091 Scan/EP-25091 FAS Design.pdf,1,../../review07/human-review-packet/pages/43d42cbceda7ae74-p1.jpg,8,line,SIGA-278,130,"Manual Pull Station - Double Action, 1-stage",,AI-drafted Golden BOQ label -- not a human signature,,,,,,,,,,
B0011,pilot,frozen 20 % sample,EP-25091/EP-25091 Scan/EP-25091 FAS Design.pdf,1,../../review07/human-review-packet/pages/43d42cbceda7ae74-p1.jpg,11,line,757-7A-T,5,"15/75 cd Temporal Horn/Strobe - 24 Vdc, RED",,AI-drafted Golden BOQ label -- not a human signature,,,,,,,,,,
B0012,pilot,frozen 20 % sample,EP-25091/EP-25091 Scan/EP-25091 FAS Design.pdf,1,../../review07/human-review-packet/pages/43d42cbceda7ae74-p1.jpg,13,line,GCVWN,45,"Ceiling Strobe, 15-115cd, White, No Marking. GP10 Room Side Wiring Plate required, ordered separat[cut]",,AI-drafted Golden BOQ label -- not a human signature,,,,,,,,,,
B0013,pilot,frozen 20 % sample,EP-25091/EP-25091 Scan/EP-25091 FAS Design.pdf,1,../../review07/human-review-packet/pages/43d42cbceda7ae74-p1.jpg,14,line,G4VRN,50,"Wall Strobe, 15-110cd, Red, No Marking.GP10 Room Side Wiring Plate required, ordered separately.",,AI-drafted Golden BOQ label -- not a human signature,,,,,,,,,,
B0014,pilot,frozen 20 % sample,EP-25091/EP-25091 Scan/EP-25091 FAS Design.pdf,1,../../review07/human-review-packet/pages/43d42cbceda7ae74-p1.jpg,15,line,CS405-7A-T,5,"Notification Appliance, Weather-Proof, Strobe Only, Requires 449 Back Box",,AI-drafted Golden BOQ label -- not a human signature,,,,,,,,,,
B0015,pilot,frozen 20 % sample,EP-25091/EP-25091 Scan/EP-25091 FAS Design.pdf,1,../../review07/human-review-packet/pages/43d42cbceda7ae74-p1.jpg,23,line,757A-WB,5,"Weatherproof Box, Cast - RED",,AI-drafted Golden BOQ label -- not a human signature,,,,,,,,,,
B0016,pilot,frozen 20 % sample,EP-19977/EP-19977 Commercial/EP-19977 CBS Design.pdf,1,../../review07/human-review-packet/pages/f0c52712654b68be-p1.jpg,13,line,MC-BACNET1,1,BMS Bacnet Gateway incl. software for the MC central unit,,AI-drafted Golden BOQ label -- not a human signature,,,,,,,,,,
B0017,pilot,critical disagreement (deterministic reader),EP-26082/EP-26082 INPUTS/COMPLIANCE STATEMENT/FAS BOQ-R0.pdf,1,../../review07/human-review-packet/pages/88815f0236354977-p1.jpg,3,component,PT-1S+,1,System Printer,,AI-drafted Golden BOQ label -- not a human signature,,,,,,,,,,
B0018,pilot,frozen 20 % sample,EP-26082/EP-26082 INPUTS/COMPLIANCE STATEMENT/FAS BOQ-R0.pdf,1,../../review07/human-review-packet/pages/88815f0236354977-p1.jpg,4,line,FSB-PC4,11,EST4 to BMS Communications Bridge,,AI-drafted Golden BOQ label -- not a human signature,,,,,,,,,,
B0019,pilot,frozen 20 % sample,EP-26082/EP-26082 INPUTS/COMPLIANCE STATEMENT/FAS BOQ-R0.pdf,1,../../review07/human-review-packet/pages/88815f0236354977-p1.jpg,9,line,,7,"EST4 fire alarm control panel complete with power supply/charger, sealed lead acid maintenance-free rechargeable batteries to power the system for 24 hours standby and 30 minutes alarm condition. Includes:",,AI-drafted Golden BOQ label -- not a human signature,,,,,,,,,,
B0020,pilot,frozen 20 % sample,EP-26082/EP-26082 INPUTS/COMPLIANCE STATEMENT/FAS BOQ-R0.pdf,1,../../review07/human-review-packet/pages/88815f0236354977-p1.jpg,23,component,4-FT,1,Firefighter Master Handset,,AI-drafted Golden BOQ label -- not a human signature,,,,,,,,,,
B0021,pilot,frozen 20 % sample,EP-26082/EP-26082 INPUTS/COMPLIANCE STATEMENT/FAS BOQ-R0.pdf,1,../../review07/human-review-packet/pages/88815f0236354977-p1.jpg,24,component,3-CHAS7,2,Seven Space Chassis with Rails,,AI-drafted Golden BOQ label -- not a human signature,,,,,,,,,,
B0022,pilot,frozen 20 % sample,EP-26082/EP-26082 INPUTS/COMPLIANCE STATEMENT/FAS BOQ-R0.pdf,1,../../review07/human-review-packet/pages/88815f0236354977-p1.jpg,25,component,4-FIL,10,Blank Filler Plate,,AI-drafted Golden BOQ label -- not a human signature,,,,,,,,,,
B0023,pilot,frozen 20 % sample,EP-26082/EP-26082 INPUTS/COMPLIANCE STATEMENT/FAS BOQ-R0.pdf,1,../../review07/human-review-packet/pages/88815f0236354977-p1.jpg,35,component,4-NET-TP,2,"SFP Network Controller, 2Mbps Shared TX/RX, Twisted Pair",,AI-drafted Golden BOQ label -- not a human signature,,,,,,,,,,
B0024,pilot,frozen 20 % sample,EP-26082/EP-26082 INPUTS/COMPLIANCE STATEMENT/FAS BOQ-R0.pdf,2,../../review07/human-review-packet/pages/67758dc824a234e7-p2.jpg,58,component,APS6A/230,1,"Auxiliary power supply, 6.5 Amp, 230V",,AI-drafted Golden BOQ label -- not a human signature,,,,,,,,,,
B0025,pilot,frozen 20 % sample,EP-26082/EP-26082 INPUTS/COMPLIANCE STATEMENT/FAS BOQ-R0.pdf,2,../../review07/human-review-packet/pages/67758dc824a234e7-p2.jpg,60,component,12V10A,2,10Ah Sealed Lead Acid Battery - 12 Vdc,,AI-drafted Golden BOQ label -- not a human signature,,,,,,,,,,
B0026,pilot,frozen 20 % sample,EP-26082/EP-26082 INPUTS/COMPLIANCE STATEMENT/FAS BOQ-R0.pdf,2,../../review07/human-review-packet/pages/67758dc824a234e7-p2.jpg,62,line,,44,"Remote power supply cabinet wallbox, red. Supports one BPS. Components are:",,AI-drafted Golden BOQ label -- not a human signature,,,,,,,,,,
B0027,pilot,frozen 20 % sample,EP-26082/EP-26082 INPUTS/COMPLIANCE STATEMENT/FAS BOQ-R0.pdf,2,../../review07/human-review-packet/pages/67758dc824a234e7-p2.jpg,65,component,12V10A,2,10Ah Sealed Lead Acid Battery - 12 Vdc,,AI-drafted Golden BOQ label -- not a human signature,,,,,,,,,,
B0028,pilot,frozen 20 % sample,EP-26082/EP-26082 INPUTS/COMPLIANCE STATEMENT/FAS BOQ-R0.pdf,2,../../review07/human-review-packet/pages/67758dc824a234e7-p2.jpg,66,line,EC3000-103,8,End to End Beam Smoke Detector,bold,AI-drafted Golden BOQ label -- not a human signature,,,,,,,,,,
B0029,pilot,frozen 20 % sample,EP-26082/EP-26082 INPUTS/COMPLIANCE STATEMENT/FAS BOQ-R0.pdf,2,../../review07/human-review-packet/pages/67758dc824a234e7-p2.jpg,75,line,absent,7,Intrinsically Smoke Detector,,AI-drafted Golden BOQ label -- not a human signature,,,,,,,,,,
B0030,pilot,frozen 20 % sample,EP-26082/EP-26082 INPUTS/COMPLIANCE STATEMENT/FAS BOQ-R0.pdf,2,../../review07/human-review-packet/pages/67758dc824a234e7-p2.jpg,77,line,SIGA-OSD,7323,Intelligent Photoelectric Smoke Detector,,AI-drafted Golden BOQ label -- not a human signature,,,,,,,,,,
B0031,pilot,frozen 20 % sample,EP-26082/EP-26082 INPUTS/COMPLIANCE STATEMENT/FAS BOQ-R0.pdf,2,../../review07/human-review-packet/pages/67758dc824a234e7-p2.jpg,81,line,SIGA-IB,1809,Detector Base with Isolator,,AI-drafted Golden BOQ label -- not a human signature,,,,,,,,,,
B0032,pilot,frozen 20 % sample,EP-26082/EP-26082 INPUTS/COMPLIANCE STATEMENT/FAS BOQ-R0.pdf,2,../../review07/human-review-packet/pages/67758dc824a234e7-p2.jpg,82,line,SIGA-LPS,1743,Audible (Sounder) Base,,AI-drafted Golden BOQ label -- not a human signature,,,,,,,,,,
B0033,pilot,frozen 20 % sample,EP-26082/EP-26082 INPUTS/COMPLIANCE STATEMENT/FAS BOQ-R0.pdf,2,../../review07/human-review-packet/pages/67758dc824a234e7-p2.jpg,85,line,STI-1230,276,Stopper II without Horn - for Surface Stations,,AI-drafted Golden BOQ label -- not a human signature,,,,,,,,,,
B0034,pilot,frozen 20 % sample,EP-26082/EP-26082 INPUTS/COMPLIANCE STATEMENT/FAS BOQ-R0.pdf,3,../../review07/human-review-packet/pages/bdf01b913949c12d-p3.jpg,103,line,SIGA-IO,4241,Universal Input/Output Module - input with programmable output,,AI-drafted Golden BOQ label -- not a human signature,,,,,,,,,,
B0035,pilot,frozen 20 % sample,EP-27474/EP-27474 Scan/EP-27474 Design.pdf,1,../../review07/human-review-packet/pages/17aa64437f99352f-p1.jpg,3,component,SIGA-SD,1,SuperDuct,,AI-drafted Golden BOQ label -- not a human signature,,,,,,,,,,
B0036,pilot,frozen 20 % sample,EP-27474/EP-27474 Scan/EP-27474 Design.pdf,1,../../review07/human-review-packet/pages/17aa64437f99352f-p1.jpg,14,line,SIGA-CT2,6,Dual Input Module,,AI-drafted Golden BOQ label -- not a human signature,,,,,,,,,,
B0037,pilot,frozen 20 % sample,EP-27474/EP-27474 Scan/EP-27474 Design.pdf,1,../../review07/human-review-packet/pages/17aa64437f99352f-p1.jpg,20,line,absent,71,Reprogramming of Deletion of Existing Devices,"a service line, no catalogue number",AI-drafted Golden BOQ label -- not a human signature,,,,,,,,,,
B0038,pilot,frozen 20 % sample,EP-27474/EP-27474 Scan/EP-27474 Design.pdf,1,../../review07/human-review-packet/pages/17aa64437f99352f-p1.jpg,23,line,absent,1,GUI Fire Alarm Graphics Update,service line,AI-drafted Golden BOQ label -- not a human signature,,,,,,,,,,
B0039,pilot,critical disagreement (deterministic reader),EP-26082/EP-26082 - COMMERCIAL/EP-26082 FAS Design.pdf,1,../../review07/human-review-packet/pages/0f5af9f01db7e273-p1.jpg,3,component,PT-1S+,1,System Printer,,AI-drafted Golden BOQ label -- not a human signature,,,,,,,,,,
B0040,pilot,frozen 20 % sample,EP-26082/EP-26082 - COMMERCIAL/EP-26082 FAS Design.pdf,1,../../review07/human-review-packet/pages/0f5af9f01db7e273-p1.jpg,9,line,,8,"EST4 fire alarm control panel complete with power supply/charger, sealed lead acid maintenance-free rechargeable batteries to power the system for 24 hours standby and 30 minutes alarm condition. Includes:",,AI-drafted Golden BOQ label -- not a human signature,,,,,,,,,,
B0041,pilot,frozen 20 % sample,EP-26082/EP-26082 - COMMERCIAL/EP-26082 FAS Design.pdf,1,../../review07/human-review-packet/pages/0f5af9f01db7e273-p1.jpg,10,component,4-CPU,1,Central Processor Module,,AI-drafted Golden BOQ label -- not a human signature,,,,,,,,,,
B0042,pilot,frozen 20 % sample,EP-26082/EP-26082 - COMMERCIAL/EP-26082 FAS Design.pdf,1,../../review07/human-review-packet/pages/0f5af9f01db7e273-p1.jpg,12,component,4-LCDLE,1,"4-LCD w/ cable for 3-CAB5B, 7B, 14B, 21B, 4-8ANN, 16ANN and 24ANN mounting",,AI-drafted Golden BOQ label -- not a human signature,,,,,,,,,,
B0043,pilot,frozen 20 % sample,EP-26082/EP-26082 - COMMERCIAL/EP-26082 FAS Design.pdf,1,../../review07/human-review-packet/pages/0f5af9f01db7e273-p1.jpg,14,component,4-FWAL4,1,Firewall W/DACT/ EMAIL/DIAG - Provides secure connection to external systems. Support u[cut],,AI-drafted Golden BOQ label -- not a human signature,,,,,,,,,,
B0044,pilot,frozen 20 % sample,EP-26082/EP-26082 - COMMERCIAL/EP-26082 FAS Design.pdf,1,../../review07/human-review-packet/pages/0f5af9f01db7e273-p1.jpg,18,component,4-COMREL,1,Common Relay Module,,AI-drafted Golden BOQ label -- not a human signature,,,,,,,,,,
B0045,pilot,frozen 20 % sample,EP-26082/EP-26082 - COMMERCIAL/EP-26082 FAS Design.pdf,1,../../review07/human-review-packet/pages/0f5af9f01db7e273-p1.jpg,20,component,3-ZA20A,3,"Zoned Amplifier, 20 Watt, Class A/B. 20 Watt selectable for 25 or 70 Vrms Class A/B Output.",,AI-drafted Golden BOQ label -- not a human signature,,,,,,,,,,
B0046,pilot,frozen 20 % sample,EP-26082/EP-26082 - COMMERCIAL/EP-26082 FAS Design.pdf,1,../../review07/human-review-packet/pages/0f5af9f01db7e273-p1.jpg,21,component,4-AUDTELS,1,Audio and Telephone Interface/Riser Module,,AI-drafted Golden BOQ label -- not a human signature,,,,,,,,,,
B0047,pilot,frozen 20 % sample,EP-26082/EP-26082 - COMMERCIAL/EP-26082 FAS Design.pdf,1,../../review07/human-review-packet/pages/0f5af9f01db7e273-p1.jpg,28,component,BC-1,1,Battery cabinet,,AI-drafted Golden BOQ label -- not a human signature,,,,,,,,,,
B0048,pilot,frozen 20 % sample,EP-26082/EP-26082 - COMMERCIAL/EP-26082 FAS Design.pdf,1,../../review07/human-review-packet/pages/0f5af9f01db7e273-p1.jpg,32,component,4-CPU,1,Central Processor Module,,AI-drafted Golden BOQ label -- not a human signature,,,,,,,,,,
B0049,pilot,frozen 20 % sample,EP-26082/EP-26082 - COMMERCIAL/EP-26082 FAS Design.pdf,1,../../review07/human-review-packet/pages/0f5af9f01db7e273-p1.jpg,43,component,4-MIC,1,Paging Microphone,,AI-drafted Golden BOQ label -- not a human signature,,,,,,,,,,
B0050,pilot,frozen 20 % sample,EP-26082/EP-26082 - COMMERCIAL/EP-26082 FAS Design.pdf,1,../../review07/human-review-packet/pages/0f5af9f01db7e273-p1.jpg,44,component,4-FT,1,Firefighter Master Handset,,AI-drafted Golden BOQ label -- not a human signature,,,,,,,,,,
B0051,pilot,frozen 20 % sample,EP-26082/EP-26082 - COMMERCIAL/EP-26082 FAS Design.pdf,2,../../review07/human-review-packet/pages/f958f11b520a4663-p2.jpg,53,component,4-CPU,1,Central Processor Module,,AI-drafted Golden BOQ label -- not a human signature,,,,,,,,,,
B0052,pilot,frozen 20 % sample,EP-26082/EP-26082 - COMMERCIAL/EP-26082 FAS Design.pdf,2,../../review07/human-review-packet/pages/f958f11b520a4663-p2.jpg,57,component,3-SDDC2,2,Dual loop SIGA Data Controller,,AI-drafted Golden BOQ label -- not a human signature,,,,,,,,,,
B0053,pilot,frozen 20 % sample,EP-26082/EP-26082 - COMMERCIAL/EP-26082 FAS Design.pdf,2,../../review07/human-review-packet/pages/f958f11b520a4663-p2.jpg,58,component,4-FIL,6,Blank Filler Plate,,AI-drafted Golden BOQ label -- not a human signature,,,,,,,,,,
B0054,pilot,frozen 20 % sample,EP-26082/EP-26082 - COMMERCIAL/EP-26082 FAS Design.pdf,2,../../review07/human-review-packet/pages/f958f11b520a4663-p2.jpg,64,line,,8,Remote Annunciator,,AI-drafted Golden BOQ label -- not a human signature,,,,,,,,,,
B0055,pilot,frozen 20 % sample,EP-26082/EP-26082 - COMMERCIAL/EP-26082 FAS Design.pdf,2,../../review07/human-review-packet/pages/f958f11b520a4663-p2.jpg,66,component,4-NET-TP,2,"SFP Network Controller, 2Mbps Shared TX/RX, Twisted Pair",,AI-drafted Golden BOQ label -- not a human signature,,,,,,,,,,
B0056,pilot,frozen 20 % sample,EP-26082/EP-26082 - COMMERCIAL/EP-26082 FAS Design.pdf,2,../../review07/human-review-packet/pages/f958f11b520a4663-p2.jpg,78,component,SIGA-AA50,2,Intelligent Audio Amplifier - 50 Watt,,AI-drafted Golden BOQ label -- not a human signature,,,,,,,,,,
B0057,pilot,frozen 20 % sample,EP-26082/EP-26082 - COMMERCIAL/EP-26082 FAS Design.pdf,2,../../review07/human-review-packet/pages/f958f11b520a4663-p2.jpg,80,component,SIGA-CT2,1,Dual Input Module,,AI-drafted Golden BOQ label -- not a human signature,,,,,,,,,,
B0058,pilot,frozen 20 % sample,EP-26082/EP-26082 - COMMERCIAL/EP-26082 FAS Design.pdf,2,../../review07/human-review-packet/pages/f958f11b520a4663-p2.jpg,85,component,SIGA-CT2,1,Dual Input Module,,AI-drafted Golden BOQ label -- not a human signature,,,,,,,,,,
B0059,pilot,frozen 20 % sample,EP-26082/EP-26082 - COMMERCIAL/EP-26082 FAS Design.pdf,2,../../review07/human-review-packet/pages/f958f11b520a4663-p2.jpg,90,line,,92,Super Duct Detector,,AI-drafted Golden BOQ label -- not a human signature,,,,,,,,,,
B0060,pilot,frozen 20 % sample,EP-26082/EP-26082 - COMMERCIAL/EP-26082 FAS Design.pdf,2,../../review07/human-review-packet/pages/f958f11b520a4663-p2.jpg,94,line,absent,18,GAS Detector (Hydrogen),no catalogue number printed,AI-drafted Golden BOQ label -- not a human signature,,,,,,,,,,
B0061,pilot,frozen 20 % sample,EP-26082/EP-26082 - COMMERCIAL/EP-26082 FAS Design.pdf,2,../../review07/human-review-packet/pages/f958f11b520a4663-p2.jpg,95,line,absent,18,Flame detector,no catalogue number printed,AI-drafted Golden BOQ label -- not a human signature,,,,,,,,,,
B0062,pilot,frozen 20 % sample,EP-26082/EP-26082 - COMMERCIAL/EP-26082 FAS Design.pdf,2,../../review07/human-review-packet/pages/f958f11b520a4663-p2.jpg,97,line,GBX2000,6,Galvanic Barrier,,AI-drafted Golden BOQ label -- not a human signature,,,,,,,,,,
B0063,pilot,frozen 20 % sample,EP-26082/EP-26082 - COMMERCIAL/EP-26082 FAS Design.pdf,2,../../review07/human-review-packet/pages/f958f11b520a4663-p2.jpg,98,line,SOC-E-IS(WHT),6,Intrinsically Smoke Detector,,AI-drafted Golden BOQ label -- not a human signature,,,,,,,,,,
B0064,pilot,frozen 20 % sample,EP-26082/EP-26082 - COMMERCIAL/EP-26082 FAS Design.pdf,2,../../review07/human-review-packet/pages/f958f11b520a4663-p2.jpg,99,line,YBN-R/4IS(WHT,6,Intrinsically Smoke Detector Base,the catalogue number runs into the column rule: closing bracket cut,AI-drafted Golden BOQ label -- not a human signature,,,,,,,,,,
B0065,pilot,frozen 20 % sample,EP-26082/EP-26082 - COMMERCIAL/EP-26082 FAS Design.pdf,2,../../review07/human-review-packet/pages/f958f11b520a4663-p2.jpg,101,line,SIGA-DS3I,7158,Intelligent Photoelectric Smoke Detector,,AI-drafted Golden BOQ label -- not a human signature,,,,,,,,,,
B0066,pilot,frozen 20 % sample,EP-26082/EP-26082 - COMMERCIAL/EP-26082 FAS Design.pdf,2,../../review07/human-review-packet/pages/f958f11b520a4663-p2.jpg,102,line,SIGA-DH2I,1027,Intelligent Fixed Temperature / Rate-of-Rise Heat Detector,,AI-drafted Golden BOQ label -- not a human signature,,,,,,,,,,
B0067,pilot,frozen 20 % sample,EP-26082/EP-26082 - COMMERCIAL/EP-26082 FAS Design.pdf,3,../../review07/human-review-packet/pages/f3d0b07dfb7960f4-p3.jpg,109,line,STI-1230,233,Stopper II without Horn - for Surface Stations,,AI-drafted Golden BOQ label -- not a human signature,,,,,,,,,,
B0068,pilot,frozen 20 % sample,EP-26082/EP-26082 - COMMERCIAL/EP-26082 FAS Design.pdf,3,../../review07/human-review-packet/pages/f3d0b07dfb7960f4-p3.jpg,117,line,G1AVRN,29,"Compact Wall Horn/Strobe, 15-75cd, Red, No Marking",,AI-drafted Golden BOQ label -- not a human signature,,,,,,,,,,
B0069,pilot,frozen 20 % sample,EP-26082/EP-26082 - COMMERCIAL/EP-26082 FAS Design.pdf,3,../../review07/human-review-packet/pages/f3d0b07dfb7960f4-p3.jpg,121,line,6833-4,567,Four-state Portable Telephone Handset Receptacle,,AI-drafted Golden BOQ label -- not a human signature,,,,,,,,,,
B0070,pilot,frozen 20 % sample,EP-26082/EP-26082 - COMMERCIAL/EP-26082 FAS Design.pdf,3,../../review07/human-review-packet/pages/f3d0b07dfb7960f4-p3.jpg,128,line,SIGA-CC1,85,Single Input (Riser) Module,,AI-drafted Golden BOQ label -- not a human signature,,,,,,,,,,
B0071,pilot,frozen 20 % sample,EP-26082/EP-26082 - COMMERCIAL/EP-26082 FAS Design.pdf,3,../../review07/human-review-packet/pages/f3d0b07dfb7960f4-p3.jpg,130,line,TP606,2521,"2""x4"" GI Concealed Back Box Single Gange",,AI-drafted Golden BOQ label -- not a human signature,,,,,,,,,,
B0072,pilot,frozen 20 % sample,EP-26082/EP-26082 - COMMERCIAL/EP-26082 FAS Design.pdf,3,../../review07/human-review-packet/pages/f3d0b07dfb7960f4-p3.jpg,137,line,116EX-c,1,"Storbe Accessory, Wall / Ceiling Mount box (sic)",,AI-drafted Golden BOQ label -- not a human signature,,,,,,,,,,
B0073,pilot,frozen 20 % sample,EP-26082/EP-26082 - COMMERCIAL/EP-26082 Aspiration Design.pdf,1,../../review07/human-review-packet/pages/8b861f0510458d57-p1.jpg,3,line,FHSD8300,13,Edwards ModuLaser Min.Display,code printed in red,AI-drafted Golden BOQ label -- not a human signature,,,,,,,,,,
B0074,pilot,frozen 20 % sample,EP-26082/EP-26082 - COMMERCIAL/EP-26082 Aspiration Design.pdf,1,../../review07/human-review-packet/pages/8b861f0510458d57-p1.jpg,15,line,9-10954-100,40,Pipe clip - red - pack of 100,,AI-drafted Golden BOQ label -- not a human signature,,,,,,,,,,
B0075,pilot,frozen 20 % sample,EP-26369/EP-26369 Commercial/EP-26369 Design.pdf,1,../../review07/human-review-packet/pages/0ea4c7644e6945ed-p1.jpg,5,line,FSB-PC2,1,EST3 to BMS Communications Bridge,,AI-drafted Golden BOQ label -- not a human signature,,,,,,,,,,
B0076,pilot,frozen 20 % sample,EP-26369/EP-26369 Commercial/EP-26369 Design.pdf,1,../../review07/human-review-packet/pages/0ea4c7644e6945ed-p1.jpg,6,line,FSB-PC2,1,24/7 Interfaces,,AI-drafted Golden BOQ label -- not a human signature,,,,,,,,,,
B0077,pilot,frozen 20 % sample,EP-26369/EP-26369 Commercial/EP-26369 Design.pdf,1,../../review07/human-review-packet/pages/0ea4c7644e6945ed-p1.jpg,19,component,BC-1,1,Battery cabinet,,AI-drafted Golden BOQ label -- not a human signature,,,,,,,,,,
B0078,pilot,frozen 20 % sample,EP-26369/EP-26369 Commercial/EP-26369 Design.pdf,1,../../review07/human-review-packet/pages/0ea4c7644e6945ed-p1.jpg,20,component,12V24A,2,24Ah Sealed Lead Acid Battery - 12 Vdc,,AI-drafted Golden BOQ label -- not a human signature,,,,,,,,,,
B0079,pilot,frozen 20 % sample,EP-26369/EP-26369 Commercial/EP-26369 Design.pdf,1,../../review07/human-review-packet/pages/0ea4c7644e6945ed-p1.jpg,28,component,SIGA-CT2,1,Dual Input Module,,AI-drafted Golden BOQ label -- not a human signature,,,,,,,,,,
B0080,pilot,frozen 20 % sample,EP-26369/EP-26369 Commercial/EP-26369 Design.pdf,1,../../review07/human-review-packet/pages/0ea4c7644e6945ed-p1.jpg,31,line,,2,Super Duct Detector,,AI-drafted Golden BOQ label -- not a human signature,,,,,,,,,,
B0081,pilot,frozen 20 % sample,EP-26369/EP-26369 Commercial/EP-26369 Design.pdf,1,../../review07/human-review-packet/pages/0ea4c7644e6945ed-p1.jpg,38,line,SIGA-278,25,"Manual Pull Station - Double Action, 1-stage",,AI-drafted Golden BOQ label -- not a human signature,,,,,,,,,,
B0082,pilot,frozen 20 % sample,EP-26369/EP-26369 Commercial/EP-26369 Design.pdf,1,../../review07/human-review-packet/pages/0ea4c7644e6945ed-p1.jpg,39,line,STI-1230,12,Stopper II without Horn - for Surface Stations,,AI-drafted Golden BOQ label -- not a human signature,,,,,,,,,,
B0083,pilot,frozen 20 % sample,EP-26369/EP-26369 Commercial/EP-26369 Design.pdf,2,../../review07/human-review-packet/pages/05ccd16ff47aeca2-p2.jpg,47,line,SIGA-REL,4,"Release Module - Intelligent, 2-circuit",,AI-drafted Golden BOQ label -- not a human signature,,,,,,,,,,
B0084,pilot,frozen 20 % sample,EP-26369/EP-26369 Commercial/EP-26369 Design.pdf,2,../../review07/human-review-packet/pages/05ccd16ff47aeca2-p2.jpg,49,line,276A-REL,4,Manual Release Station - single action,,AI-drafted Golden BOQ label -- not a human signature,,,,,,,,,,
B0085,pilot,frozen 20 % sample,EP-26369/MS FAS/BOQ.pdf,1,../../review07/human-review-packet/pages/717f0d2da668b0f9-p1.jpg,2,line,FW-CGSUL,1,"Colour Graphics Software PIN Letter, Full 4 Quadrant display graphics with common Controls.",,AI-drafted Golden BOQ label -- not a human signature,,,,,,,,,,
B0086,pilot,frozen 20 % sample,EP-26369/MS FAS/BOQ.pdf,1,../../review07/human-review-packet/pages/717f0d2da668b0f9-p1.jpg,3,line,Compaq,1,PC-Hardware,,AI-drafted Golden BOQ label -- not a human signature,,,,,,,,,,
B0087,pilot,frozen 20 % sample,EP-26369/MS FAS/BOQ.pdf,1,../../review07/human-review-packet/pages/717f0d2da668b0f9-p1.jpg,6,line,EST3,1 set (merged cell over items 1-13),"Intelligent Fire Alarm Control Panel complete with Power Supply/Charger, sealed lead acid maintenance free rechargeable batteries to power the system for 24hrs standby and 30min in alarm condition",,AI-drafted Golden BOQ label -- not a human signature,,,,,,,,,,
B0088,pilot,frozen 20 % sample,EP-26369/MS FAS/BOQ.pdf,1,../../review07/human-review-packet/pages/717f0d2da668b0f9-p1.jpg,8,component,4-PPS/M,absent (merged '1 set'),"Primary Power Supply, 230V",,AI-drafted Golden BOQ label -- not a human signature,,,,,,,,,,
B0089,pilot,frozen 20 % sample,EP-26369/MS FAS/BOQ.pdf,1,../../review07/human-review-packet/pages/717f0d2da668b0f9-p1.jpg,14,component,3-RS232,absent (merged '1 set'),RS232 Communication Card,,AI-drafted Golden BOQ label -- not a human signature,,,,,,,,,,
B0090,pilot,frozen 20 % sample,EP-26369/MS FAS/BOQ.pdf,1,../../review07/human-review-packet/pages/717f0d2da668b0f9-p1.jpg,15,component,3-SSDC2 / 3-SDDC2,absent (merged '1 set'),Single / Dual Loop SIGA Data Controller,"two model numbers in one cell, wrapped",AI-drafted Golden BOQ label -- not a human signature,,,,,,,,,,
B0091,pilot,frozen 20 % sample,EP-26369/MS FAS/BOQ.pdf,1,../../review07/human-review-packet/pages/717f0d2da668b0f9-p1.jpg,17,component,3-CAB5,absent (merged '1 set'),Complete cabinet with 5 x LRM Spaces,,AI-drafted Golden BOQ label -- not a human signature,,,,,,,,,,
B0092,pilot,frozen 20 % sample,EP-26369/MS FAS/BOQ.pdf,1,../../review07/human-review-packet/pages/717f0d2da668b0f9-p1.jpg,18,component,12V @ 42A/ 26A,absent (merged '1 set'),"Sealed Lead Acid Battery, 12 V @ 42 AH/26AH",,AI-drafted Golden BOQ label -- not a human signature,,,,,,,,,,
B0093,pilot,frozen 20 % sample,EP-26369/MS FAS/BOQ.pdf,2,../../review07/human-review-packet/pages/0f50f5f299240d72-p2.jpg,52,line,absent,150,"Surface mount box - Indoor, RED, single gang",,AI-drafted Golden BOQ label -- not a human signature,,,,,,,,,,
B0094,pilot,frozen 20 % sample,EP-29076/01- EP-29076 - Scan/EP-29076 FAS Design.pdf,1,../../review07/human-review-packet/pages/34ecd1e15d0f8852-p1.jpg,2,component,FW-CGSUL,1,Color Graphics Software PIN letter.,,AI-drafted Golden BOQ label -- not a human signature,,,,,,,,,,
B0095,pilot,frozen 20 % sample,EP-29076/01- EP-29076 - Scan/EP-29076 FAS Design.pdf,1,../../review07/human-review-packet/pages/34ecd1e15d0f8852-p1.jpg,3,component,Compaq,1,"PC Hardware with 32"" LCD monitor",,AI-drafted Golden BOQ label -- not a human signature,,,,,,,,,,
B0096,pilot,frozen 20 % sample,EP-29076/01- EP-29076 - Scan/EP-29076 FAS Design.pdf,1,../../review07/human-review-packet/pages/34ecd1e15d0f8852-p1.jpg,7,line,FSB-PC4,1,24/7 Interfaces,the same two parts listed again under a second heading,AI-drafted Golden BOQ label -- not a human signature,,,,,,,,,,
B0097,pilot,frozen 20 % sample,EP-29076/01- EP-29076 - Scan/EP-29076 FAS Design.pdf,1,../../review07/human-review-packet/pages/34ecd1e15d0f8852-p1.jpg,15,component,4-FWAL4,1,Firewall W/DACT/ EMAIL/DIAG - Provides secure connection to external systems. Support us[cut],,AI-drafted Golden BOQ label -- not a human signature,,,,,,,,,,
B0098,pilot,frozen 20 % sample,EP-29076/01- EP-29076 - Scan/EP-29076 FAS Design.pdf,1,../../review07/human-review-packet/pages/34ecd1e15d0f8852-p1.jpg,20,component,3-SDDC2,5,Dual loop SIGA Data Controller,,AI-drafted Golden BOQ label -- not a human signature,,,,,,,,,,
B0099,pilot,frozen 20 % sample,EP-29076/01- EP-29076 - Scan/EP-29076 FAS Design.pdf,1,../../review07/human-review-packet/pages/34ecd1e15d0f8852-p1.jpg,21,component,3-ZA20A,2,"Zoned Amplifier, 20 Watt, Class A/B. 20 Watt selectable for 25 or 70 Vrms Class A/B Output. N[cut]",,AI-drafted Golden BOQ label -- not a human signature,,,,,,,,,,
B0100,pilot,frozen 20 % sample,EP-29076/01- EP-29076 - Scan/EP-29076 FAS Design.pdf,1,../../review07/human-review-packet/pages/34ecd1e15d0f8852-p1.jpg,29,component,BC-1,1,Battery cabinet,,AI-drafted Golden BOQ label -- not a human signature,,,,,,,,,,
B0101,pilot,frozen 20 % sample,EP-29076/01- EP-29076 - Scan/EP-29076 FAS Design.pdf,1,../../review07/human-review-packet/pages/34ecd1e15d0f8852-p1.jpg,32,line,,3,"EST4 fire alarm control panel complete with power supply/charger, sealed lead acid maintenance-free rechargeable batteries to power the system for 24 hours standby and 30 minutes alarm condition. Includes:",,AI-drafted Golden BOQ label -- not a human signature,,,,,,,,,,
B0102,pilot,frozen 20 % sample,EP-29076/01- EP-29076 - Scan/EP-29076 FAS Design.pdf,1,../../review07/human-review-packet/pages/34ecd1e15d0f8852-p1.jpg,37,component,3-SDDC2,3,Dual loop SIGA Data Controller,,AI-drafted Golden BOQ label -- not a human signature,,,,,,,,,,
B0103,pilot,frozen 20 % sample,EP-29076/01- EP-29076 - Scan/EP-29076 FAS Design.pdf,2,../../review07/human-review-packet/pages/5079aee044c78f73-p2.jpg,53,component,APS6A/230,1,"Auxiliary power supply, 6.5 Amp, 230V",,AI-drafted Golden BOQ label -- not a human signature,,,,,,,,,,
B0104,pilot,frozen 20 % sample,EP-29076/01- EP-29076 - Scan/EP-29076 FAS Design.pdf,2,../../review07/human-review-packet/pages/5079aee044c78f73-p2.jpg,58,component,BPS10A/230,1,"10 Amp Booster Power Supply, 220V",,AI-drafted Golden BOQ label -- not a human signature,,,,,,,,,,
B0105,pilot,frozen 20 % sample,EP-29076/01- EP-29076 - Scan/EP-29076 FAS Design.pdf,2,../../review07/human-review-packet/pages/5079aee044c78f73-p2.jpg,60,component,12V10A,2,10Ah Sealed Lead Acid Battery - 12 Vdc,,AI-drafted Golden BOQ label -- not a human signature,,,,,,,,,,
B0106,pilot,frozen 20 % sample,EP-29076/01- EP-29076 - Scan/EP-29076 FAS Design.pdf,2,../../review07/human-review-packet/pages/5079aee044c78f73-p2.jpg,62,line,6538-G5,6,Call for Assistance Kit,"bold description, its own priced row (the 6538-G5 layout the owner decided on for EP-30784)",AI-drafted Golden BOQ label -- not a human signature,,,,,,,,,,
B0107,pilot,frozen 20 % sample,EP-29076/01- EP-29076 - Scan/EP-29076 FAS Design.pdf,2,../../review07/human-review-packet/pages/5079aee044c78f73-p2.jpg,69,line,SIGA-LPS,434,Audible (Sounder) Base,,AI-drafted Golden BOQ label -- not a human signature,,,,,,,,,,
B0108,pilot,frozen 20 % sample,EP-29076/01- EP-29076 - Scan/EP-29076 FAS Design.pdf,2,../../review07/human-review-packet/pages/5079aee044c78f73-p2.jpg,85,line,SIGA-CC2A,90,Dual Input (Riser) Module-Class A,,AI-drafted Golden BOQ label -- not a human signature,,,,,,,,,,
B0109,pilot,frozen 20 % sample,EP-29076/01- EP-29076 - Scan/EP-29076 FAS Design.pdf,2,../../review07/human-review-packet/pages/5079aee044c78f73-p2.jpg,93,line,SIGA-OSD-FCN,43,Intelligent Photoelectric Smoke Detector,,AI-drafted Golden BOQ label -- not a human signature,,,,,,,,,,
B0110,pilot,frozen 20 % sample,EP-29076/01- EP-29076 - Scan/EP-29076 FAS Design.pdf,2,../../review07/human-review-packet/pages/5079aee044c78f73-p2.jpg,101,line,G4SRN,4,"Wall Speaker, Red, No Marking",,AI-drafted Golden BOQ label -- not a human signature,,,,,,,,,,
B0111,pilot,ambiguous part / row,EP-29076/01- EP-29076 - Scan/EP-29076 FAS Design.pdf,2,../../review07/human-review-packet/pages/5079aee044c78f73-p2.jpg,105,component,3-SDDC2,1,Dual loop SIGA Data Controller,"bracketed count, no Qty-column value: a component-style row at the foot of the spares table; ambiguous whether it is a spare of its own",AI-drafted Golden BOQ label -- not a human signature,,,,,,,,,,
B0112,pilot,critical disagreement (deterministic reader),EP-30088/01. Commercial Document/EP-30088 Design Sheet FAS.pdf,1,../../review07/human-review-packet/pages/614902c11f1e67f9-p1.jpg,3,component,PT-1S+,1,System Printer,,AI-drafted Golden BOQ label -- not a human signature,,,,,,,,,,
B0113,pilot,critical disagreement (deterministic reader),EP-30088/01. Commercial Document/EP-30088 Design Sheet FAS.pdf,1,../../review07/human-review-packet/pages/614902c11f1e67f9-p1.jpg,11,component,4-FWAL4,1,Firewall W/DACT/ EMAIL/DIAG - Provides secure connection to external systems. Support u[cut at page edge],,AI-drafted Golden BOQ label -- not a human signature,,,,,,,,,,
B0114,pilot,frozen 20 % sample,EP-30088/01. Commercial Document/EP-30088 Design Sheet FAS.pdf,1,../../review07/human-review-packet/pages/614902c11f1e67f9-p1.jpg,15,component,4-COMREL,1,Common Relay Module,,AI-drafted Golden BOQ label -- not a human signature,,,,,,,,,,
B0115,pilot,frozen 20 % sample,EP-30088/01. Commercial Document/EP-30088 Design Sheet FAS.pdf,1,../../review07/human-review-packet/pages/614902c11f1e67f9-p1.jpg,17,component,3-ZA20A,2,"Zoned Amplifier, 20 Watt, Class A/B. 20 Watt selectable for 25 or 70 Vrms Class A/B Output",,AI-drafted Golden BOQ label -- not a human signature,,,,,,,,,,
B0116,pilot,frozen 20 % sample,EP-30088/01. Commercial Document/EP-30088 Design Sheet FAS.pdf,1,../../review07/human-review-packet/pages/614902c11f1e67f9-p1.jpg,18,component,4-AUDTELS,1,Audio and Telephone Interface/Riser Module,,AI-drafted Golden BOQ label -- not a human signature,,,,,,,,,,
B0117,pilot,frozen 20 % sample,EP-30088/01. Commercial Document/EP-30088 Design Sheet FAS.pdf,1,../../review07/human-review-packet/pages/614902c11f1e67f9-p1.jpg,23,component,3-CAB14B,1,"White Backbox with 14 x LRM spaces, no door",,AI-drafted Golden BOQ label -- not a human signature,,,,,,,,,,
B0118,pilot,frozen 20 % sample,EP-30088/01. Commercial Document/EP-30088 Design Sheet FAS.pdf,1,../../review07/human-review-packet/pages/614902c11f1e67f9-p1.jpg,28,line,,1,"EST4 fire alarm control panel complete with power supply/charger, sealed lead acid maintenance-free rechargeable batteries to power the system for 24 hours standby and 30 minutes alarm condition. Includes:",,AI-drafted Golden BOQ label -- not a human signature,,,,,,,,,,
B0119,pilot,frozen 20 % sample,EP-30088/01. Commercial Document/EP-30088 Design Sheet FAS.pdf,1,../../review07/human-review-packet/pages/614902c11f1e67f9-p1.jpg,35,component,3-CAB5B,1,"Backbox, black. Supports five Local Rail Modules.",,AI-drafted Golden BOQ label -- not a human signature,,,,,,,,,,
B0120,pilot,frozen 20 % sample,EP-30088/01. Commercial Document/EP-30088 Design Sheet FAS.pdf,1,../../review07/human-review-packet/pages/614902c11f1e67f9-p1.jpg,37,component,BC-1,1,Battery cabinet,,AI-drafted Golden BOQ label -- not a human signature,,,,,,,,,,
B0121,pilot,frozen 20 % sample,EP-30088/01. Commercial Document/EP-30088 Design Sheet FAS.pdf,1,../../review07/human-review-packet/pages/614902c11f1e67f9-p1.jpg,38,component,12V65A,2,"Battery, 12 V @ 65 AH",,AI-drafted Golden BOQ label -- not a human signature,,,,,,,,,,
B0122,pilot,frozen 20 % sample,EP-30088/01. Commercial Document/EP-30088 Design Sheet FAS.pdf,1,../../review07/human-review-packet/pages/614902c11f1e67f9-p1.jpg,42,component,4-NET-TP,2,"SFP Network Controller, 2Mbps Shared TX/RX, Twisted Pair",,AI-drafted Golden BOQ label -- not a human signature,,,,,,,,,,
B0123,pilot,frozen 20 % sample,EP-30088/01. Commercial Document/EP-30088 Design Sheet FAS.pdf,1,../../review07/human-review-packet/pages/614902c11f1e67f9-p1.jpg,45,line,,3,"Remote audio closet cabinet wallbox, red. Supports 2 x SIGA amplifiers, and one APS. Components are:",the line starts at the foot of page 1 and its components continue on page 2,AI-drafted Golden BOQ label -- not a human signature,,,,,,,,,,
B0124,pilot,frozen 20 % sample,EP-30088/01. Commercial Document/EP-30088 Design Sheet FAS.pdf,2,../../review07/human-review-packet/pages/d6974a61ac6db38e-p2.jpg,48,component,SIGA-CT2,1,Dual Input Module,,AI-drafted Golden BOQ label -- not a human signature,,,,,,,,,,
B0125,pilot,frozen 20 % sample,EP-30088/01. Commercial Document/EP-30088 Design Sheet FAS.pdf,2,../../review07/human-review-packet/pages/d6974a61ac6db38e-p2.jpg,53,component,SIGA-CT2,1,Dual Input Module,,AI-drafted Golden BOQ label -- not a human signature,,,,,,,,,,
B0126,pilot,frozen 20 % sample,EP-30088/01. Commercial Document/EP-30088 Design Sheet FAS.pdf,2,../../review07/human-review-packet/pages/d6974a61ac6db38e-p2.jpg,63,line,SIGA-SB,724,Signature Detector Base,,AI-drafted Golden BOQ label -- not a human signature,,,,,,,,,,
B0127,pilot,critical disagreement (deterministic reader),EP-30088/01. Commercial Document/EP-30088 Design Sheet FAS.pdf,2,../../review07/human-review-packet/pages/d6974a61ac6db38e-p2.jpg,64,line,SIGA-IB,75,Detector Base with Isolator,,AI-drafted Golden BOQ label -- not a human signature,,,,,,,,,,
B0128,pilot,frozen 20 % sample,EP-30088/01. Commercial Document/EP-30088 Design Sheet FAS.pdf,2,../../review07/human-review-packet/pages/d6974a61ac6db38e-p2.jpg,69,line,G4SRN,38,"Wall Speaker, RED, No Marking",,AI-drafted Golden BOQ label -- not a human signature,,,,,,,,,,
B0129,pilot,frozen 20 % sample,EP-30088/01. Commercial Document/EP-30088 Design Sheet FAS.pdf,2,../../review07/human-review-packet/pages/d6974a61ac6db38e-p2.jpg,73,line,6833-4,38,Four-state Portable Telephone Handset Receptacle,,AI-drafted Golden BOQ label -- not a human signature,,,,,,,,,,
B0130,pilot,frozen 20 % sample,EP-30088/01. Commercial Document/EP-30088 Design Sheet FAS.pdf,2,../../review07/human-review-packet/pages/d6974a61ac6db38e-p2.jpg,74,line,TCS-6,1,Storage Enclosure for 6830 handsets (6),,AI-drafted Golden BOQ label -- not a human signature,,,,,,,,,,
B0131,pilot,frozen 20 % sample,EP-30088/01. Commercial Document/EP-30088 Design Sheet FAS.pdf,2,../../review07/human-review-packet/pages/d6974a61ac6db38e-p2.jpg,76,line,SIGA-CT2,23,Dual Input Module,,AI-drafted Golden BOQ label -- not a human signature,,,,,,,,,,
B0132,pilot,frozen 20 % sample,EP-30088/01. Commercial Document/EP-30088 Design Sheet FAS.pdf,2,../../review07/human-review-packet/pages/d6974a61ac6db38e-p2.jpg,85,line,757A-WB,20,"Weatherproof Box, Cast - RED",,AI-drafted Golden BOQ label -- not a human signature,,,,,,,,,,
B0133,pilot,frozen 20 % sample,EP-30088/01. Commercial Document/EP-30088 Design Sheet ELS.pdf,1,../../review07/human-review-packet/pages/2329fe083dca0c9b-p1.jpg,4,line,SL2-65D3D-CGL-M +SL23I,11,"Wall Mounted Exit, 20 metre viewing distance, IP65",,AI-drafted Golden BOQ label -- not a human signature,,,,,,,,,,
B0134,pilot,frozen 20 % sample,EP-30088/01. Commercial Document/EP-30088 Design Sheet ELS.pdf,1,../../review07/human-review-packet/pages/2329fe083dca0c9b-p1.jpg,6,line,SL2-65D3D-CGL-M +SL2CD +SL2DC3I,43,"Exit Directional, Hanging , Driveway, 30 metre viewing distance",,AI-drafted Golden BOQ label -- not a human signature,,,,,,,,,,
B0135,pilot,frozen 20 % sample,EP-30088/01. Commercial Document/EP-30088 Design Sheet ELS.pdf,1,../../review07/human-review-packet/pages/2329fe083dca0c9b-p1.jpg,7,line,CTR400CGL2KS-M,1,Menvier Brand CGLine+ Web Compact Controlle[cut],,AI-drafted Golden BOQ label -- not a human signature,,,,,,,,,,
B0136,pilot,ambiguous part / row,EP-30784/01- EP-30784 Scan/EP-30784 FAS Design.pdf,1,../../review07/human-review-packet/pages/ac995655478eb97b-p1.jpg,0,component-or-heading,,1,"EST4 fire alarm control panel complete with power supply/charger, sealed lead acid maintenance-free rechargeable batteries to power the system for 24 hours standby and 30 minutes alarm condition. Includes:",,AI-drafted Golden BOQ label -- not a human signature,,,,,,,,,,
B0137,pilot,frozen 20 % sample,EP-30784/01- EP-30784 Scan/EP-30784 FAS Design.pdf,1,../../review07/human-review-packet/pages/ac995655478eb97b-p1.jpg,1,line,4-CPU,2,Central Processor Module,,AI-drafted Golden BOQ label -- not a human signature,,,,,,,,,,
B0138,pilot,frozen 20 % sample,EP-30784/01- EP-30784 Scan/EP-30784 FAS Design.pdf,1,../../review07/human-review-packet/pages/ac995655478eb97b-p1.jpg,4,line,4-FWAL4,1,Firewall W/DACT/ EMAIL/DIAG - Provides secure connection to external systems. Support ...,,AI-drafted Golden BOQ label -- not a human signature,,,,,,,,,,
B0139,pilot,frozen 20 % sample,EP-30784/01- EP-30784 Scan/EP-30784 FAS Design.pdf,1,../../review07/human-review-packet/pages/ac995655478eb97b-p1.jpg,9,line,3-SDDC2,8,Dual loop SIGA Data Controller,,AI-drafted Golden BOQ label -- not a human signature,,,,,,,,,,
B0140,pilot,frozen 20 % sample,EP-30784/01- EP-30784 Scan/EP-30784 FAS Design.pdf,1,../../review07/human-review-packet/pages/ac995655478eb97b-p1.jpg,10,line,3-ZA20A,2,"Zoned Amplifier, 20 Watt, Class A/B. 20 Watt selectable for 25 or 70 Vrms Class A/B Output",,AI-drafted Golden BOQ label -- not a human signature,,,,,,,,,,
B0141,pilot,frozen 20 % sample,EP-30784/01- EP-30784 Scan/EP-30784 FAS Design.pdf,1,../../review07/human-review-packet/pages/ac995655478eb97b-p1.jpg,11,line,4-AUDTELS,1,Audio and Telephone Interface/Riser Module,,AI-drafted Golden BOQ label -- not a human signature,,,,,,,,,,
B0142,pilot,ambiguous part / row,EP-30784/01- EP-30784 Scan/EP-30784 FAS Design.pdf,1,../../review07/human-review-packet/pages/ac995655478eb97b-p1.jpg,20,component-or-heading,,2,"EST4 fire alarm control panel complete with power supply/charger, sealed lead acid maintenance-free rechargeable batteries to power the system for 24 hours standby and 30 minutes alarm condition. Includes:",,AI-drafted Golden BOQ label -- not a human signature,,,,,,,,,,
B0143,pilot,frozen 20 % sample,EP-30784/01- EP-30784 Scan/EP-30784 FAS Design.pdf,1,../../review07/human-review-packet/pages/ac995655478eb97b-p1.jpg,21,line,4-CPU,1,Central Processor Module,,AI-drafted Golden BOQ label -- not a human signature,,,,,,,,,,
B0144,pilot,frozen 20 % sample,EP-30784/01- EP-30784 Scan/EP-30784 FAS Design.pdf,1,../../review07/human-review-packet/pages/ac995655478eb97b-p1.jpg,22,line,4-PPS/M,1,"Primary Power Supply, 230 V",,AI-drafted Golden BOQ label -- not a human signature,,,,,,,,,,
B0145,pilot,ambiguous part / row,EP-30784/01- EP-30784 Scan/EP-30784 FAS Design.pdf,1,../../review07/human-review-packet/pages/ac995655478eb97b-p1.jpg,32,component-or-heading,,18,"Remote audio closet cabinet wallbox, red. Supports 2 x SIGA amplifiers, and one APS. Components are:",,AI-drafted Golden BOQ label -- not a human signature,,,,,,,,,,
B0146,pilot,frozen 20 % sample,EP-30784/01- EP-30784 Scan/EP-30784 FAS Design.pdf,1,../../review07/human-review-packet/pages/ac995655478eb97b-p1.jpg,33,line,SIGA-AA50,2,Intelligent Audio Amplifier - 50 Watt,,AI-drafted Golden BOQ label -- not a human signature,,,,,,,,,,
B0147,pilot,ambiguous part / row,EP-30784/01- EP-30784 Scan/EP-30784 FAS Design.pdf,1,../../review07/human-review-packet/pages/ac995655478eb97b-p1.jpg,37,component-or-heading,,8,"Remote power supply cabinet wallbox, red. Supports one BPS. Components are:",,AI-drafted Golden BOQ label -- not a human signature,,,,,,,,,,
B0148,pilot,frozen 20 % sample,EP-30784/01- EP-30784 Scan/EP-30784 FAS Design.pdf,1,../../review07/human-review-packet/pages/ac995655478eb97b-p1.jpg,38,line,BPS10A/230,1,"10 Amp Booster Power Supply, 220V",,AI-drafted Golden BOQ label -- not a human signature,,,,,,,,,,
B0149,pilot,ambiguous part / row,EP-30784/01- EP-30784 Scan/EP-30784 FAS Design.pdf,2,../../review07/human-review-packet/pages/0e6cf9e3da7eb6a3-p2.jpg,42,component-or-heading,,4,Super Duct Detector,,AI-drafted Golden BOQ label -- not a human signature,,,,,,,,,,
B0150,pilot,frozen 20 % sample,EP-30784/01- EP-30784 Scan/EP-30784 FAS Design.pdf,2,../../review07/human-review-packet/pages/0e6cf9e3da7eb6a3-p2.jpg,49,line,SIGA-IB,250,Detector Base with Isolator,,AI-drafted Golden BOQ label -- not a human signature,,,,,,,,,,
B0151,pilot,frozen 20 % sample,EP-30784/01- EP-30784 Scan/EP-30784 FAS Design.pdf,2,../../review07/human-review-packet/pages/0e6cf9e3da7eb6a3-p2.jpg,61,line,6830-3,4,Portable (Plug-in) Telephone Handset - BLACK,,AI-drafted Golden BOQ label -- not a human signature,,,,,,,,,,
B0152,pilot,frozen 20 % sample,EP-30784/01- EP-30784 Scan/EP-30784 FAS Design.pdf,2,../../review07/human-review-packet/pages/0e6cf9e3da7eb6a3-p2.jpg,67,line,SIGA-CC2A,80,Dual Input (Riser) Module-Class A,,AI-drafted Golden BOQ label -- not a human signature,,,,,,,,,,
B0153,pilot,frozen 20 % sample,EP-30784/01- EP-30784 Scan/EP-30784 FAS Design.pdf,2,../../review07/human-review-packet/pages/0e6cf9e3da7eb6a3-p2.jpg,68,line,TP606,491,"2""x4"" GI Concealed Back Box Single Gange",,AI-drafted Golden BOQ label -- not a human signature,,,,,,,,,,
B0154,pilot,frozen 20 % sample,EP-30784/01- EP-30784 Scan/EP-30784 EML Design.pdf,1,../../review07/human-review-packet/pages/241c5652f6d3ccc8-p1.jpg,7,line,SL2-42D3D-CGL-M +SL2PPLR+SL2RB,119,"Exit Directional, Corridor Recessed, 20 metre viewing distance",,AI-drafted Golden BOQ label -- not a human signature,,,,,,,,,,
B0155,pilot,frozen 20 % sample,EP-30784/01- EP-30784 Scan/EP-30784 EML Design.pdf,1,../../review07/human-review-packet/pages/241c5652f6d3ccc8-p1.jpg,9,line,CTR400CGL2KS-M,8,Menvier Brand CGLine+ Web Compact Contro...,,AI-drafted Golden BOQ label -- not a human signature,,,,,,,,,,
B0156,holdout,frozen 20 % sample,EP-19138/EP-19138 - Commercial documents/EP-19138 - Design Sheet.pdf,1,../../review07/human-review-packet/pages/bb1309a80f8b04a7-p1.jpg,3,component,12V8A,2,"Battery 8 AH, 12 volt cells",quantity printed '( 2 )' in the description,AI-drafted Golden BOQ label -- not a human signature,,,,,,,,,,
B0157,holdout,frozen 20 % sample,EP-19138/EP-19138 - Commercial documents/EP-19138 - Design Sheet.pdf,1,../../review07/human-review-packet/pages/bb1309a80f8b04a7-p1.jpg,13,line,SIGA-CR,2,Control Relay Module,,AI-drafted Golden BOQ label -- not a human signature,,,,,,,,,,
B0158,holdout,frozen 20 % sample,EP-28569/EP-28569 ELV/To T&C/Project Documents/Design Sheet/EP-28569 Design.pdf,1,../../review07/human-review-packet/pages/93e4d26ecc18d208-p1.jpg,13,line,F91BNANNNSNM001,48,"SC APC TO PIGTAIL, 9/125 MICRON, SIMPLEX","the '#A' column beside it is an item number, not a quantity",AI-drafted Golden BOQ label -- not a human signature,,,,,,,,,,
B0159,holdout,frozen 20 % sample,EP-28569/EP-28569 ELV/To T&C/Project Documents/Design Sheet/EP-28569 Design.pdf,1,../../review07/human-review-packet/pages/93e4d26ecc18d208-p1.jpg,17,line,NKUKS2SAW,11,NetKey 86mm x 86mm Faceplate,"the '#A' column beside it is an item number, not a quantity",AI-drafted Golden BOQ label -- not a human signature,,,,,,,,,,
B0160,holdout,frozen 20 % sample,EP-28569/EP-28569 ELV/To T&C/Project Documents/Design Sheet/EP-28569 Design.pdf,1,../../review07/human-review-packet/pages/93e4d26ecc18d208-p1.jpg,27,line,FSC24,2,"Opticom Fiber Splice Holder, 24 Splices, Black","the '#A' column beside it is an item number, not a quantity",AI-drafted Golden BOQ label -- not a human signature,,,,,,,,,,
B0161,holdout,frozen 20 % sample,EP-28569/EP-28569 ELV/To T&C/Project Documents/Design Sheet/EP-28569 Design.pdf,2,../../review07/human-review-packet/pages/c55f1fac420bf05b-p2.jpg,31,line,,1,18U Rack,,AI-drafted Golden BOQ label -- not a human signature,,,,,,,,,,
B0162,holdout,frozen 20 % sample,EP-28569/EP-28569 ELV/To T&C/Project Documents/Design Sheet/EP-28569 Design.pdf,2,../../review07/human-review-packet/pages/c55f1fac420bf05b-p2.jpg,45,line,310660,1,EBC DK PLUS 1KVA,"the '#A' column beside it is an item number, not a quantity",AI-drafted Golden BOQ label -- not a human signature,,,,,,,,,,
B0163,holdout,frozen 20 % sample,EP-28569/EP-28569 ELV/To T&C/Project Documents/Design Sheet/EP-28569 Design.pdf,2,../../review07/human-review-packet/pages/c55f1fac420bf05b-p2.jpg,46,line,310952,2,RAIL KIT RACK DK (2U),"the '#A' column beside it is an item number, not a quantity",AI-drafted Golden BOQ label -- not a human signature,,,,,,,,,,
B0164,holdout,frozen 20 % sample,EP-28569/EP-28569 ELV/To T&C/Project Documents/Design Sheet/EP-28569 Design.pdf,3,../../review07/human-review-packet/pages/ce7c42b4eb470305-p3.jpg,76,line,310660,1,EBC DK PLUS 1KVA,"the '#A' column beside it is an item number, not a quantity",AI-drafted Golden BOQ label -- not a human signature,,,,,,,,,,
B0165,holdout,frozen 20 % sample,EP-28569/EP-28569 ELV/To T&C/Project Documents/Design Sheet/EP-28569 Design.pdf,3,../../review07/human-review-packet/pages/ce7c42b4eb470305-p3.jpg,83,line,NUL6X04WH-FEG,lot,"Copper Cable, Cat 6A, 23 AWG, U/UTP, LSZH-1, White","the '#A' column beside it is an item number, not a quantity",AI-drafted Golden BOQ label -- not a human signature,,,,,,,,,,
B0166,holdout,frozen 20 % sample,EP-28569/EP-28569 ELV/To T&C/Project Documents/Design Sheet/EP-28569 Design.pdf,3,../../review07/human-review-packet/pages/ce7c42b4eb470305-p3.jpg,88,line,CFAPPBL1,2,"Opticom Fiber Patch Panel, Flat, Black, 1 RU","the '#A' column beside it is an item number, not a quantity",AI-drafted Golden BOQ label -- not a human signature,,,,,,,,,,
B0167,holdout,frozen 20 % sample,EP-28569/EP-28569 ELV/To T&C/Project Documents/Design Sheet/EP-28569 Design.pdf,3,../../review07/human-review-packet/pages/ce7c42b4eb470305-p3.jpg,90,line,FAP12WAGSCZ,4,"Opticom Fiber Adapter Panel, OS2, 12 SC Simplex, APC Green","the '#A' column beside it is an item number, not a quantity",AI-drafted Golden BOQ label -- not a human signature,,,,,,,,,,
B0168,holdout,frozen 20 % sample,EP-28569/EP-28569 ELV/To T&C/Project Documents/Design Sheet/EP-28569 Design.pdf,3,../../review07/human-review-packet/pages/ce7c42b4eb470305-p3.jpg,93,line,,1,18U Rack,,AI-drafted Golden BOQ label -- not a human signature,,,,,,,,,,
B0169,holdout,critical disagreement (deterministic reader),EP-8430/EP-8430 Commercial/EP-8430 PAVA Revised Design Sheet - 23.10.2017.pdf,1,../../review07/human-review-packet/pages/4371ca032e80db7d-p1.jpg,1,line,PRS-NCO3,2,Network Controller (INCL. PRS-SW),,AI-drafted Golden BOQ label -- not a human signature,,,,,,,,,,
B0170,holdout,critical disagreement (deterministic reader),EP-8430/EP-8430 Commercial/EP-8430 PAVA Revised Design Sheet - 23.10.2017.pdf,1,../../review07/human-review-packet/pages/4371ca032e80db7d-p1.jpg,2,line,LBB4404/00,1,Cobra Net Interface,,AI-drafted Golden BOQ label -- not a human signature,,,,,,,,,,
B0171,holdout,critical disagreement (deterministic reader),EP-8430/EP-8430 Commercial/EP-8430 PAVA Revised Design Sheet - 23.10.2017.pdf,1,../../review07/human-review-packet/pages/4371ca032e80db7d-p1.jpg,5,line,LBB4430/00,1,Call Station Basic,,AI-drafted Golden BOQ label -- not a human signature,,,,,,,,,,
B0172,holdout,critical disagreement (deterministic reader),EP-8430/EP-8430 Commercial/EP-8430 PAVA Revised Design Sheet - 23.10.2017.pdf,1,../../review07/human-review-packet/pages/4371ca032e80db7d-p1.jpg,6,line,PRS-CSNKP,1,Numeric Keypad,,AI-drafted Golden BOQ label -- not a human signature,,,,,,,,,,
B0173,holdout,critical disagreement (deterministic reader),EP-8430/EP-8430 Commercial/EP-8430 PAVA Revised Design Sheet - 23.10.2017.pdf,1,../../review07/human-review-packet/pages/4371ca032e80db7d-p1.jpg,7,line,PRS-CSR,1,Remote Call Station,,AI-drafted Golden BOQ label -- not a human signature,,,,,,,,,,
B0174,holdout,critical disagreement (deterministic reader),EP-8430/EP-8430 Commercial/EP-8430 PAVA Revised Design Sheet - 23.10.2017.pdf,1,../../review07/human-review-packet/pages/4371ca032e80db7d-p1.jpg,8,line,PRS-CSI,1,Call Station Interface,,AI-drafted Golden BOQ label -- not a human signature,,,,,,,,,,
B0175,holdout,critical disagreement (deterministic reader),EP-8430/EP-8430 Commercial/EP-8430 PAVA Revised Design Sheet - 23.10.2017.pdf,1,../../review07/human-review-packet/pages/4371ca032e80db7d-p1.jpg,9,line,PRS-48CH12,2,48V Battery Charger Basic,,AI-drafted Golden BOQ label -- not a human signature,,,,,,,,,,
B0176,holdout,frozen 20 % sample,EP-8430/EP-8430 Commercial/EP-8430 PAVA Revised Design Sheet - 23.10.2017.pdf,1,../../review07/human-review-packet/pages/4371ca032e80db7d-p1.jpg,10,line,LBB4443/00,27,End of Line Supervision,,AI-drafted Golden BOQ label -- not a human signature,,,,,,,,,,
B0177,holdout,critical disagreement (deterministic reader),EP-8430/EP-8430 Commercial/EP-8430 PAVA Revised Design Sheet - 23.10.2017.pdf,1,../../review07/human-review-packet/pages/4371ca032e80db7d-p1.jpg,11,line,LBB4428/00-EU,1,Power Amplifier 8 X 60 W (EU),,AI-drafted Golden BOQ label -- not a human signature,,,,,,,,,,
B0178,holdout,critical disagreement (deterministic reader),EP-8430/EP-8430 Commercial/EP-8430 PAVA Revised Design Sheet - 23.10.2017.pdf,1,../../review07/human-review-packet/pages/4371ca032e80db7d-p1.jpg,18,line,LBC1420/20,1,"Volume Control Fail Safe 100W (MK Double, w/ Mounting Box",,AI-drafted Golden BOQ label -- not a human signature,,,,,,,,,,
B0179,holdout,critical disagreement (deterministic reader),EP-8430/EP-8430 Commercial/EP-8430 PAVA Revised Design Sheet - 23.10.2017.pdf,1,../../review07/human-review-packet/pages/4371ca032e80db7d-p1.jpg,19,line,PRS-SWCS,1,PC Call Server,,AI-drafted Golden BOQ label -- not a human signature,,,,,,,,,,
B0180,holdout,critical disagreement (deterministic reader),EP-8430/EP-8430 Commercial/EP-8430 PAVA Revised Design Sheet - 23.10.2017.pdf,1,../../review07/human-review-packet/pages/4371ca032e80db7d-p1.jpg,20,line,PRS-SWCSL-E,1,PC Call Server NCO License E-code,,AI-drafted Golden BOQ label -- not a human signature,,,,,,,,,,
B0181,holdout,critical disagreement (deterministic reader),EP-8430/EP-8430 Commercial/EP-8430 PAVA Revised Design Sheet - 23.10.2017.pdf,1,../../review07/human-review-packet/pages/4371ca032e80db7d-p1.jpg,22,line,,1,PC+Monitor,,AI-drafted Golden BOQ label -- not a human signature,,,,,,,,,,
B0182,holdout,critical disagreement (deterministic reader),EP-8430/EP-8430 Commercial/EP-8430 PAVA Revised Design Sheet - 23.10.2017.pdf,1,../../review07/human-review-packet/pages/4371ca032e80db7d-p1.jpg,23,line,,1,CD Changer,,AI-drafted Golden BOQ label -- not a human signature,,,,,,,,,,
B0183,holdout,critical disagreement (deterministic reader),EP-8430/EP-8430 Commercial/EP-8430 PAVA Revised Design Sheet - 23.10.2017.pdf,1,../../review07/human-review-packet/pages/4371ca032e80db7d-p1.jpg,24,line,,1,MP3 Player,,AI-drafted Golden BOQ label -- not a human signature,,,,,,,,,,
B0184,holdout,critical disagreement (deterministic reader),EP-8430/EP-8430 Commercial/EP-8430 PAVA Revised Design Sheet - 23.10.2017.pdf,1,../../review07/human-review-packet/pages/4371ca032e80db7d-p1.jpg,25,line,,1,FM/AM Tuner,,AI-drafted Golden BOQ label -- not a human signature,,,,,,,,,,
B0185,holdout,frozen 20 % sample,EP-8430/EP-8430 Commercial/EP-8430 PAVA Revised Design Sheet - 23.10.2017.pdf,1,../../review07/human-review-packet/pages/4371ca032e80db7d-p1.jpg,26,line,,8,Battery,,AI-drafted Golden BOQ label -- not a human signature,,,,,,,,,,
B0186,holdout,critical disagreement (deterministic reader),EP-8430/EP-8430 Commercial/EP-8430 PAVA Revised Design Sheet - 23.10.2017.pdf,1,../../review07/human-review-packet/pages/4371ca032e80db7d-p1.jpg,27,line,,2,PA Rack,,AI-drafted Golden BOQ label -- not a human signature,,,,,,,,,,
B0187,holdout,frozen 20 % sample,EP-8430/EP-8430 Commercial/EP-8430 PAVA Revised Design Sheet - 23.10.2017.pdf,1,../../review07/human-review-packet/pages/4371ca032e80db7d-p1.jpg,30,line,LBC3086/41,12,Ceiling Loudspeaker,,AI-drafted Golden BOQ label -- not a human signature,,,,,,,,,,
B0188,holdout,critical disagreement (deterministic reader),EP-8430/EP-8430 Commercial/EP-8430 PAVA Revised Design Sheet - 23.10.2017.pdf,1,../../review07/human-review-packet/pages/4371ca032e80db7d-p1.jpg,34,line,,2,PC+Monitor,,AI-drafted Golden BOQ label -- not a human signature,,,,,,,,,,
B0189,holdout,critical disagreement (deterministic reader),EP-8430/EP-8430 Commercial/EP-8430 PAVA Revised Design Sheet - 23.10.2017.pdf,1,../../review07/human-review-packet/pages/4371ca032e80db7d-p1.jpg,35,line,PRS-CSC-E,2,PC Call Station Client,,AI-drafted Golden BOQ label -- not a human signature,,,,,,,,,,
B0190,holdout,critical disagreement (deterministic reader),EP-8430/EP-8430 Commercial/EP-8430 PAVA Revised Design Sheet - 23.10.2017.pdf,1,../../review07/human-review-packet/pages/4371ca032e80db7d-p1.jpg,36,line,LBB4430/00,2,Call Station Basic,,AI-drafted Golden BOQ label -- not a human signature,,,,,,,,,,
B0191,holdout,critical disagreement (deterministic reader),EP-8430/EP-8430 Commercial/EP-8430 PAVA Revised Design Sheet - 23.10.2017.pdf,1,../../review07/human-review-packet/pages/4371ca032e80db7d-p1.jpg,37,line,PRS-CSNKP,2,Numeric Keypad,,AI-drafted Golden BOQ label -- not a human signature,,,,,,,,,,
B0192,holdout,critical disagreement (deterministic reader),EP-8430/EP-8430 Commercial/EP-8430 PAVA Revised Design Sheet - 23.10.2017.pdf,1,../../review07/human-review-packet/pages/4371ca032e80db7d-p1.jpg,38,line,PRS-CSR,2,Remote Call Station,,AI-drafted Golden BOQ label -- not a human signature,,,,,,,,,,
B0193,holdout,critical disagreement (deterministic reader),EP-8430/EP-8430 Commercial/EP-8430 PAVA Revised Design Sheet - 23.10.2017.pdf,1,../../review07/human-review-packet/pages/4371ca032e80db7d-p1.jpg,39,line,PRS-CSI,2,Call Station Interface,,AI-drafted Golden BOQ label -- not a human signature,,,,,,,,,,
B0194,holdout,critical disagreement (deterministic reader),EP-8430/EP-8430 Commercial/EP-8430 PAVA Revised Design Sheet - 23.10.2017.pdf,1,../../review07/human-review-packet/pages/4371ca032e80db7d-p1.jpg,40,line,,1,Printer,,AI-drafted Golden BOQ label -- not a human signature,,,,,,,,,,
