item,identity_no,proposed_literal,proposed_printed_label,proposed_role,proposal_note,proposal_origin,human_literal,human_printed_label,human_role,human_own_for_evaluation,human_status,human_notes
C0001,1,BBY006-GME-SDW-FP-FA-ZZZ-L01-010006,,own_document,,AI-drafted Golden label (proposed_reference),,,,,,
C0002,1,BBY006-GME-SDW-FP-FA-ZZZ-L01-010006,,own_document,,AI-drafted Golden label (proposed_reference),,,,,,
C0003,1,BBY006-GME-SDW-EL-LI-POD-P02-010030,,own_document,,AI-drafted Golden label (proposed_reference),,,,,,
C0004,1,BBY006-GME-SDW-EL-LI-POD-P02-010030,,own_document,,AI-drafted Golden label (proposed_reference),,,,,,
C0005,1,absent,,own_document,,AI-drafted Golden label (proposed_reference),,,,,,
C0006,1,absent,,own_document,,AI-drafted Golden label (proposed_reference),,,,,,
C0007,1,BBY006-GME-SDW-FP-FA-ZZZ-L02-010007,,own_document,,AI-drafted Golden label (proposed_reference),,,,,,
C0008,1,BBY006-GME-SDW-FP-FA-ZZZ-L02-010007,,own_document,,AI-drafted Golden label (proposed_reference),,,,,,
C0009,1,BBY006-GME-SDW-FP-FA-ZZZ-L02-010007,,own_document,,AI-drafted Golden label (proposed_reference),,,,,,
C0010,1,BBY006-GME-SDW-FP-FA-ZZZ-L02-010007,,own_document,,AI-drafted Golden label (proposed_reference),,,,,,
C0011,1,BBY006-GME-SDW-EL-LI-ZZZ-L41-010050,,own_document,,AI-drafted Golden label (proposed_reference),,,,,,
C0012,1,BBY006-GME-SDW-EL-LI-ZZZ-L41-010050,,own_document,,AI-drafted Golden label (proposed_reference),,,,,,
C0013,1,BBY006-GME-SDW-EL-LI-POD-P01-010029,,own_document,,AI-drafted Golden label (proposed_reference),,,,,,
C0014,1,BBY006-GME-SDW-EL-LI-POD-P01-010029,,own_document,,AI-drafted Golden label (proposed_reference),,,,,,
C0015,1,absent,,own_document,,AI-drafted Golden label (proposed_reference),,,,,,
C0016,1,absent,,own_document,,AI-drafted Golden label (proposed_reference),,,,,,
C0017,1,absent,,own_document,,AI-drafted Golden label (proposed_reference),,,,,,
C0018,1,absent,,own_document,,AI-drafted Golden label (proposed_reference),,,,,,
C0019,1,absent,,own_document,,AI-drafted Golden label (proposed_reference),,,,,,
C0020,1,absent,,own_document,,AI-drafted Golden label (proposed_reference),,,,,,
C0021,1,absent,,own_document,,AI-drafted Golden label (proposed_reference),,,,,,
C0022,1,absent,,own_document,,AI-drafted Golden label (proposed_reference),,,,,,
C0023,1,absent,,own_document,,AI-drafted Golden label (proposed_reference),,,,,,
C0024,1,absent,,own_document,,AI-drafted Golden label (proposed_reference),,,,,,
C0025,1,BBY006-GME-SDW-FP-FA-BSM-B02-010027,,own_document,,AI-drafted Golden label (proposed_reference),,,,,,
C0026,1,BBY006-GME-SDW-EL-LI-ZZZ-L57-010041,,own_document,,AI-drafted Golden label (proposed_reference),,,,,,
C0027,1,BBY006-GME-SDW-EL-LI-ZZZ-L57-010041,,own_document,,AI-drafted Golden label (proposed_reference),,,,,,
C0028,1,BBY006-GME-MAS-EL-FA-0001,,own_document,,AI-drafted Golden label (proposed_reference),,,,,,
C0029,1,BBY006-GME-SAR-EL-FA-0002,,own_document,,AI-drafted Golden label (proposed_reference),,,,,,
C0030,1,BBY006-GME-MAS-EL-FA-0001,,own_document,,AI-drafted Golden label (proposed_reference),,,,,,
C0031,1,absent,,own_document,,AI-drafted Golden label (proposed_reference),,,,,,
C0032,1,BBY006-GME-MAS-EL-FA-0004,,own_document,,AI-drafted Golden label (proposed_reference),,,,,,
C0033,1,absent,,own_document,,AI-drafted Golden label (proposed_reference),,,,,,
C0034,1,absent,,own_document,,AI-drafted Golden label (proposed_reference),,,,,,
C0034,2,EP-30627/SS/EML/ 1293,,unclassified,(cover),AI-prepared from review 07 finding F09 -- not human,,,,,,
C0035,1,absent,,own_document,,AI-drafted Golden label (proposed_reference),,,,,,
C0036,1,absent,,own_document,,AI-drafted Golden label (proposed_reference),,,,,,
C0037,1,absent,,own_document,,AI-drafted Golden label (proposed_reference),,,,,,
C0038,1,absent,,own_document,,AI-drafted Golden label (proposed_reference),,,,,,
C0039,1,absent,,own_document,,AI-drafted Golden label (proposed_reference),,,,,,
C0040,1,absent,,own_document,,AI-drafted Golden label (proposed_reference),,,,,,
C0041,1,absent,,own_document,,AI-drafted Golden label (proposed_reference),,,,,,
C0042,1,absent,,own_document,,AI-drafted Golden label (proposed_reference),,,,,,
C0043,1,absent,,own_document,,AI-drafted Golden label (proposed_reference),,,,,,
C0044,1,BBY006-GME-SDW-EL-LI-POD-P03-010031,,own_document,,AI-drafted Golden label (proposed_reference),,,,,,
C0045,1,BBY006-GME-SDW-EL-LI-POD-P01-010029,,own_document,,AI-drafted Golden label (proposed_reference),,,,,,
C0046,1,BBY006-GME-MAS-EL-LI-0001 - R.00,,own_document,,AI-drafted Golden label (proposed_reference),,,,,,
C0047,1,BBY006-GME-SAR-EL-FA-0001,,own_document,,AI-drafted Golden label (proposed_reference),,,,,,
C0048,1,3728,,own_document,"(DRF No., handwritten)",AI-drafted Golden label (proposed_reference),,,,,,
C0049,1,EP-30784,,own_document,,AI-drafted Golden label (proposed_reference),,,,,,
C0050,1,TR/197/26,,own_document,,AI-drafted Golden label (proposed_reference),,,,,,
C0051,1,TR/197/26,,own_document,,AI-drafted Golden label (proposed_reference),,,,,,
C0052,1,TR/238/26,,own_document,,AI-drafted Golden label (proposed_reference),,,,,,
C0053,1,ICC-DLRC-SPM-SD-MEP-FA-0042,,own_document,,AI-drafted Golden label (proposed_reference),,,,,,
C0054,1,ICC-DLRC-SPM-SD-MEP-0042,,own_document,,AI-drafted Golden label (proposed_reference),,,,,,
C0055,1,ICC-DLRC-SPM-SD-MEP/FA-103,,own_document,,AI-drafted Golden label (proposed_reference),,,,,,
C0056,1,ICC-DLRC-SPM-SD-MEP-FA-0042,,own_document,,AI-drafted Golden label (proposed_reference),,,,,,
C0057,1,ICC-DLRC-SPM-SD-MEP-0042,,own_document,,AI-drafted Golden label (proposed_reference),,,,,,
C0058,1,ICC-DLRC-SPM-SD-MEP/FA-103,,own_document,,AI-drafted Golden label (proposed_reference),,,,,,
C0059,1,ICC-DLRC-SPM-SD-MEP-0040,,own_document,,AI-drafted Golden label (proposed_reference),,,,,,
C0060,1,ICC-DLRC-SPM-SD-MEP-FF-0052,,own_document,,AI-drafted Golden label (proposed_reference),,,,,,
C0061,1,ICC-DLRC-SPM-SD-MEP-FF-0052,,own_document,,AI-drafted Golden label (proposed_reference),,,,,,
C0062,1,ICC-DLRC-SPM-SD-MEP/FF-105,,own_document,,AI-drafted Golden label (proposed_reference),,,,,,
C0063,1,ICC-DLRC-SPM-SD-MEP-FA-0128,,own_document,,AI-drafted Golden label (proposed_reference),,,,,,
C0064,1,ICC-DLRC-SPM-SD-MEP-0086,,own_document,,AI-drafted Golden label (proposed_reference),,,,,,
C0065,1,ICC-DLRC-SPM-SD-MEP-0084,,own_document,,AI-drafted Golden label (proposed_reference),,,,,,
C0066,1,ICC-DLRC-SPM-SD-MEP-0078,,own_document,,AI-drafted Golden label (proposed_reference),,,,,,
C0067,1,ICC-DLRC-SPM-SD-MEP-0040,,own_document,,AI-drafted Golden label (proposed_reference),,,,,,
C0068,1,ICC-DLRC-SPM-SD-MEP-0080,,own_document,,AI-drafted Golden label (proposed_reference),,,,,,
C0069,1,ICC-DLRC-SPM-SD-MEP-0077,,own_document,,AI-drafted Golden label (proposed_reference),,,,,,
C0070,1,ICC-DLRC-SPM-MAR-MEP-0056,,own_document,,AI-drafted Golden label (proposed_reference),,,,,,
C0071,1,absent,,own_document,,AI-drafted Golden label (proposed_reference),,,,,,
C0072,1,ICC-DLRC-SIG2-PQ-MEP-0005,,own_document,,AI-drafted Golden label (proposed_reference),,,,,,
C0073,1,REQ-2387569,,own_document,(file) / permit number B2312982 (small print; medium confidence),AI-drafted Golden label (proposed_reference),,,,,,
C0073,2,B2312982,Permit Number,permit,,AI-prepared from review 07 finding F01 -- not human,,,,,,
C0074,1,TR/204/26,,own_document,,AI-drafted Golden label (proposed_reference),,,,,,
C0075,1,TR/187/26,,own_document,,AI-drafted Golden label (proposed_reference),,,,,,
C0076,1,LAC-653-PLN-L08-ELV-FA-115,,own_document,,AI-drafted Golden label (proposed_reference),,,,,,
C0077,1,25H-AAEM-SD-ELEC-FA-5F-013,,own_document,,AI-drafted Golden label (proposed_reference),,,,,,
C0078,1,,,,(the title block at the foot is too small; file name 25H-AAEM-SD-ELEC-FA-64F-53A-R00),AI-drafted Golden label (proposed_reference),,,,,,
C0079,1,LAC-653-PLN-L20-MEC-SM-126,,own_document,,AI-drafted Golden label (proposed_reference),,,,,,
C0080,1,LAC-653-PLN-GLF-MEC-CW-103,,own_document,,AI-drafted Golden label (proposed_reference),,,,,,
C0081,1,25H-S202-NCC-SD-MEP-ELE-FA-003-R3,,own_document,,AI-drafted Golden label (proposed_reference),,,,,,
C0082,1,25H-AAEM-SD-ELEC-FA-B1-003,,own_document,,AI-drafted Golden label (proposed_reference),,,,,,
C0083,1,25H-AAEM-SD-ELEC-FA-B1-003A,,own_document,,AI-drafted Golden label (proposed_reference),,,,,,
C0084,1,25H-S202-NCC-SD-MEP-ELE-FA-050-00,,own_document,,AI-drafted Golden label (proposed_reference),,,,,,
C0085,1,25H-S202-NCC-SD-MEP-ELE-FA-005-R2,,own_document,,AI-drafted Golden label (proposed_reference),,,,,,
C0086,1,LAC-653-PLN-L26-PLD-WS-131,,own_document,,AI-drafted Golden label (proposed_reference),,,,,,
C0087,1,25H-S202-NCC-SD-MEP-ELE-FA-024-R0,,own_document,,AI-drafted Golden label (proposed_reference),,,,,,
C0088,1,25H-AAEM-SD-ELEC-FA-16F-023,,own_document,,AI-drafted Golden label (proposed_reference),,,,,,
C0089,1,25H-AAEM-SD-ELEC-FA-16F-023A,,own_document,,AI-drafted Golden label (proposed_reference),,,,,,
C0090,1,25H-AAEM-SD-ELEC-FA-16F-023,,own_document,,AI-drafted Golden label (proposed_reference),,,,,,
C0091,1,25H-AAEM-SD-ELEC-FA-16F-023A,,own_document,,AI-drafted Golden label (proposed_reference),,,,,,
C0092,1,25H-S202-NCC-SD-MEP-ELE-FA-031-R00,,own_document,,AI-drafted Golden label (proposed_reference),,,,,,
C0093,1,25H-AAEM-SD-ELEC-FA-24F-030,,own_document,,AI-drafted Golden label (proposed_reference),,,,,,
C0094,1,25H-AAEM-SD-ELEC-FA-24F-030A,,own_document,,AI-drafted Golden label (proposed_reference),,,,,,
C0095,1,25H-AAEM-SD-ELEC-EM-B1-003,,own_document,,AI-drafted Golden label (proposed_reference),,,,,,
C0096,1,LAC-653-PLN-R04-ELV-AI-164,,own_document,,AI-drafted Golden label (proposed_reference),,,,,,
C0097,1,25H-S202-NCC-SD-MEP-ELE-FA-001-R2,,own_document,,AI-drafted Golden label (proposed_reference),,,,,,
C0098,1,LAC-653-PLN-L27-FPR-FF-132,,own_document,,AI-drafted Golden label (proposed_reference),,,,,,
C0099,1,LAC-653-PLN-L02-MEC-HV-109,,own_document,,AI-drafted Golden label (proposed_reference),,,,,,
C0100,1,LAC-653-GEN-ZZZ-ELV-FA-211,,own_document,,AI-drafted Golden label (proposed_reference),,,,,,
C0101,1,LAC-653-PLN-M01-PLD-LG-103B,,own_document,,AI-drafted Golden label (proposed_reference),,,,,,
C0102,1,LAC-653-PLN-L17-ELE-EP-123,,own_document,,AI-drafted Golden label (proposed_reference),,,,,,
C0103,1,LAC-653-PLN-P02-ELE-EP-105,,own_document,,AI-drafted Golden label (proposed_reference),,,,,,
C0104,1,LAC-653-PLN-ZZZ-MEC-SM-155,,own_document,,AI-drafted Golden label (proposed_reference),,,,,,
C0105,1,LAC-653-PLN-ZZZ-ELE-EP-154,,own_document,,AI-drafted Golden label (proposed_reference),,,,,,
C0106,1,LAC-653-PLN-L03-MEC-SM-110,,own_document,,AI-drafted Golden label (proposed_reference),,,,,,
C0107,1,LAC-653-PLN-L04-ELV-FA-111,,own_document,,AI-drafted Golden label (proposed_reference),,,,,,
C0108,1,25H-S202-NCC-SD-MEP-ELE-EM-030-R0,,own_document,,AI-drafted Golden label (proposed_reference),,,,,,
C0109,1,25H-S202-NCC-SD-MEP-ELE-EM-23-02,,own_document,,AI-drafted Golden label (proposed_reference),,,,,,
C0110,1,,,,(title block rotated and small; file name 25H-AAEM-SD-EMEC-EM-48F -047),AI-drafted Golden label (proposed_reference),,,,,,
C0111,1,25H-AAEM-SD-MAS-ELEC-FA-003-R2,,own_document,,AI-drafted Golden label (proposed_reference),,,,,,
C0112,1,25H-AAEM-SD-ELEC-FA-69F-058A,,own_document,(from the file name; title block rotated),AI-drafted Golden label (proposed_reference),,,,,,
C0113,1,25H-S202-NCC-SD-MEP-ELE-FA-047-00,,own_document,,AI-drafted Golden label (proposed_reference),,,,,,
C0114,1,25H-S202-NCC-SD-MEP-ELE-FA-057-00,,own_document,,AI-drafted Golden label (proposed_reference),,,,,,
C0115,1,TR/0127/26,,own_document,,AI-drafted Golden label (proposed_reference),,,,,,
C0116,1,274100,,own_document,,AI-drafted Golden label (proposed_reference),,,,,,
C0117,1,TR/0149/26,,own_document,,AI-drafted Golden label (proposed_reference),,,,,,
C0118,1,TR/091/26,,own_document,,AI-drafted Golden label (proposed_reference),,,,,,
C0119,1,3473,,own_document,"(DRF No., handwritten)",AI-drafted Golden label (proposed_reference),,,,,,
C0120,1,F-12221,,own_document,,AI-drafted Golden label (proposed_reference),,,,,,
C0121,1,F-12204,,own_document,,AI-drafted Golden label (proposed_reference),,,,,,
C0122,1,F-12193,,own_document,,AI-drafted Golden label (proposed_reference),,,,,,
C0123,1,AKA-BKG-ELE-B1-SD-PAVA-00010,,own_document,,AI-drafted Golden label (proposed_reference),,,,,,
C0124,1,AKA-DCC-ELE-FA-SD-000285,,own_document,,AI-drafted Golden label (proposed_reference),,,,,,
C0125,1,AKA-DCC-ELE-FA-SD-000285,,own_document,,AI-drafted Golden label (proposed_reference),,,,,,
C0126,1,AKA-BKG-ELE-UR-SD-CBS-00054,,own_document,,AI-drafted Golden label (proposed_reference),,,,,,
C0127,1,AKA-BKG-ELE-FA-SD-SCH-00107,,own_document,,AI-drafted Golden label (proposed_reference),,,,,,
C0128,1,AKA-BKG-ELE-FA-SD-SCH-00102,,own_document,,AI-drafted Golden label (proposed_reference),,,,,,
C0129,1,AKA-BKG-ELE-UR-SD-PAVA-00055,,own_document,,AI-drafted Golden label (proposed_reference),,,,,,
C0130,1,AKA-BKG-ELE-1M-SD-PAVA-00026,,own_document,,AI-drafted Golden label (proposed_reference),,,,,,
C0131,1,AKA-BKG-ELE-UR-SD-PAVA-00051,,own_document,,AI-drafted Golden label (proposed_reference),,,,,,
C0132,1,AKA-BKG-ELE-FA-SD-SCH-00105,,own_document,,AI-drafted Golden label (proposed_reference),,,,,,
C0133,1,AKA-BKG-ELE-1M-SD-CBS-00028,,own_document,,AI-drafted Golden label (proposed_reference),,,,,,
C0134,1,AKA-BKG-ELE-UR-SD-PAVA-00051,,own_document,,AI-drafted Golden label (proposed_reference),,,,,,
C0135,1,AKA-BKG-ELE-FA-SD-SCH-00100,,own_document,,AI-drafted Golden label (proposed_reference),,,,,,
C0136,1,absent,,own_document,,AI-drafted Golden label (proposed_reference),,,,,,
C0137,1,AKA-BKG-ELE-GM-SD-PAVA-00016,,own_document,,AI-drafted Golden label (proposed_reference),,,,,,
C0138,1,AKA-DCC-ELE-FA-MT-000016 R1,,own_document,(MAR NO.),AI-drafted Golden label (proposed_reference),,,,,,
C0139,1,absent,,own_document,,AI-drafted Golden label (proposed_reference),,,,,,
C0140,1,AKA-DCC-ELE-PAVA-TS-000084 R1,,own_document,,AI-drafted Golden label (proposed_reference),,,,,,
C0141,1,AKA-DCC-ELE-PWR-TS-000409-R0,,own_document,(from the file name; the form prints TECH. SUB. NO. small: AKA-DCC-ELE-PAVA-TS-000409-R0),AI-drafted Golden label (proposed_reference),,,,,,
C0142,1,TR/1292/24,,own_document,,AI-drafted Golden label (proposed_reference),,,,,,
C0143,1,SA-H2-BEST-FA-00201,,own_document,,AI-drafted Golden label (proposed_reference),,,,,,
C0144,1,RDJ 183-RAQ-DWG-IFC-ARC,,own_document,(the drawing number cell is cut: 'RDJ 183-RAQ-DWG-IFC-ARC'),AI-drafted Golden label (proposed_reference),,,,,,
C0145,1,RDJ 183-RAQ-DWG-IFC-ARC,,own_document,"(incomplete number, as printed)",AI-drafted Golden label (proposed_reference),,,,,,
C0146,1,SA-H2-BEST-ICT-00100a,,own_document,,AI-drafted Golden label (proposed_reference),,,,,,
C0147,1,SA-H2-BEST-FA-00102c,,own_document,,AI-drafted Golden label (proposed_reference),,,,,,
C0148,1,JAM-SD-FA-002,,own_document,,AI-drafted Golden label (proposed_reference),,,,,,
C0149,1,JAM-SD-FA-001,,own_document,,AI-drafted Golden label (proposed_reference),,,,,,
C0150,1,JAM-SD-FA-001,,own_document,,AI-drafted Golden label (proposed_reference),,,,,,
C0151,1,JAM-SD-FA-002,,own_document,,AI-drafted Golden label (proposed_reference),,,,,,
C0152,1,JAM-SD-FA-003,,own_document,,AI-drafted Golden label (proposed_reference),,,,,,
C0153,1,JAM-SD-FA-004,,own_document,,AI-drafted Golden label (proposed_reference),,,,,,
C0154,1,JAM-SD-FA-005,,own_document,,AI-drafted Golden label (proposed_reference),,,,,,
C0155,1,JAM-SD-FA-006,,own_document,,AI-drafted Golden label (proposed_reference),,,,,,
C0156,1,JAM-SD-FA-007,,own_document,,AI-drafted Golden label (proposed_reference),,,,,,
C0157,1,RDJ183-RAQ-Naffco-MAT-008,,own_document,,AI-drafted Golden label (proposed_reference),,,,,,
C0158,1,RDJ183-RAQ-Naffco-MAT-008,,own_document,,AI-drafted Golden label (proposed_reference),,,,,,
C0159,1,absent,,own_document,,AI-drafted Golden label (proposed_reference),,,,,,
C0159,2,EP-26369/SS/FA/101,,own_document,(company cover),AI-prepared from review 07 finding F08 -- not human,,,,,,
C0160,1,RDJ183-RAQ-Naffco-MAT-008-01,,own_document,,AI-drafted Golden label (proposed_reference),,,,,,
C0161,1,JAM-SD-FA-001,,own_document,,AI-drafted Golden label (proposed_reference),,,,,,
C0162,1,JAM-SD-FA-003,,own_document,,AI-drafted Golden label (proposed_reference),,,,,,
C0163,1,JAM-SD-FA-004,,own_document,,AI-drafted Golden label (proposed_reference),,,,,,
C0164,1,JAM-SD-FA-005,,own_document,,AI-drafted Golden label (proposed_reference),,,,,,
C0165,1,RDJ183-RAQ-Naffco-MAT-008,,own_document,(transmittal no.),AI-drafted Golden label (proposed_reference),,,,,,
C0166,1,2581,,own_document,"(DRF No., handwritten)",AI-drafted Golden label (proposed_reference),,,,,,
C0167,1,EBF-DCP-6374-VL-MAT-ELV-0022,,own_document,,AI-drafted Golden label (proposed_reference),,,,,,
C0168,1,EBF-DCP-6374-VL-O&M-ELV-0004,,own_document,,AI-drafted Golden label (proposed_reference),,,,,,
C0169,1,EBF-DCP-6374-VL-MAT-ELE-0023,,own_document,,AI-drafted Golden label (proposed_reference),,,,,,
C0170,1,EBF-DCP-6374-VL-MAT-ELE-0023,,own_document,,AI-drafted Golden label (proposed_reference),,,,,,
C0171,1,EBF-DCP-6374-VL-MAT-ELV-0003,,own_document,,AI-drafted Golden label (proposed_reference),,,,,,
C0172,1,EBF-DCP-6374-VL-MAT-ELV-0003,,own_document,,AI-drafted Golden label (proposed_reference),,,,,,
C0173,1,EBF-DCP-6374-VL-MAT-ELV-0003,,own_document,,AI-drafted Golden label (proposed_reference),,,,,,
C0174,1,absent,,own_document,,AI-drafted Golden label (proposed_reference),,,,,,
C0175,1,absent,,own_document,,AI-drafted Golden label (proposed_reference),,,,,,
C0176,1,absent,,own_document,,AI-drafted Golden label (proposed_reference),,,,,,
C0177,1,absent,,own_document,,AI-drafted Golden label (proposed_reference),,,,,,
C0178,1,TR/7173/20,,own_document,,AI-drafted Golden label (proposed_reference),,,,,,
C0179,1,absent,,own_document,,AI-drafted Golden label (proposed_reference),,,,,,
C0180,1,EBF-DCP-6374-VL-O&M-ELV-0003,,own_document,,AI-drafted Golden label (proposed_reference),,,,,,
C0181,1,TR/7327/20,,own_document,,AI-drafted Golden label (proposed_reference),,,,,,
C0182,1,2922,,own_document,"(DRF No., handwritten)",AI-drafted Golden label (proposed_reference),,,,,,
C0183,1,EBF-DCP-6374-VL-MAT-ELV-0003,,own_document,,AI-drafted Golden label (proposed_reference),,,,,,
C0184,1,EBF-DCP-6374-VL-MAT-ELV-0003,,own_document,,AI-drafted Golden label (proposed_reference),,,,,,
C0185,1,EBF-DCP-6374-VL-MAT-ELV-0003,,own_document,,AI-drafted Golden label (proposed_reference),,,,,,
C0186,1,absent,,own_document,,AI-drafted Golden label (proposed_reference),,,,,,
C0187,1,absent,,own_document,,AI-drafted Golden label (proposed_reference),,,,,,
C0188,1,absent,,own_document,,AI-drafted Golden label (proposed_reference),,,,,,
C0189,1,absent,,own_document,,AI-drafted Golden label (proposed_reference),,,,,,
C0190,1,EBF-DCP-6374-VL-MAT-ELV-0004,,own_document,,AI-drafted Golden label (proposed_reference),,,,,,
C0191,1,EP-19977-R1,,own_document,(Reference),AI-drafted Golden label (proposed_reference),,,,,,
C0191,2,D1902-FC-DWG-EM-B1200,Ref,referenced_document,,AI-prepared from review 07 finding F05 -- not human,,,,,,
C0192,1,EP-19977-Var. 01,,own_document,(Reference),AI-drafted Golden label (proposed_reference),,,,,,
C0193,1,EP - 19977 - R4-B0,,own_document,(Our Ref.),AI-drafted Golden label (proposed_reference),,,,,,
C0193,2,D1902-FC-DWG-EF-B1200,Ref,referenced_document,,AI-prepared from review 07 finding F06 -- not human,,,,,,
C0194,1,QTN NICD 3010,,own_document,(from the file name; the printed number is small),AI-drafted Golden label (proposed_reference),,,,,,
C0195,1,TR/7327/20,,own_document,,AI-drafted Golden label (proposed_reference),,,,,,
C0196,1,TR/7173/20,,own_document,,AI-drafted Golden label (proposed_reference),,,,,,
C0197,1,absent,,own_document,,AI-drafted Golden label (proposed_reference),,,,,,
C0198,1,TS-5168,,own_document,(C4) (from the file name),AI-drafted Golden label (proposed_reference),,,,,,
C0199,1,A2/A3-EEW-OMME-00015,,own_document,(Reference),AI-drafted Golden label (proposed_reference),,,,,,
C0200,1,absent,,own_document,,AI-drafted Golden label (proposed_reference),,,,,,
C0201,1,IM/A2A3/RR/sm/AAR/016,,own_document,(sender's reference),AI-drafted Golden label (proposed_reference),,,,,,
C0202,1,TAVC-TRANSMIT-009782,,own_document,(mail number),AI-drafted Golden label (proposed_reference),,,,,,
C0202,2,K&A-WTRAN-017671,,unclassified,(reference number),AI-drafted Golden label (proposed_reference),,,,,,
C0203,1,A23-EFE-MAT-E-00033,,own_document,,AI-drafted Golden label (proposed_reference),,,,,,
C0204,1,A23-EFE-MAT-E-00033,,own_document,,AI-drafted Golden label (proposed_reference),,,,,,
C0205,1,absent,,own_document,,AI-drafted Golden label (proposed_reference),,,,,,
C0206,1,absent,,own_document,,AI-drafted Golden label (proposed_reference),,,,,,
C0207,1,absent,,own_document,,AI-drafted Golden label (proposed_reference),,,,,,
C0208,1,A23-EEW-OMM-E-00015,,own_document,,AI-drafted Golden label (proposed_reference),,,,,,
C0209,1,A23-EFE-TSB-E-00058,,own_document,,AI-drafted Golden label (proposed_reference),,,,,,
C0210,1,A23-EFECO-PQS-MEP-00009,,own_document,,AI-drafted Golden label (proposed_reference),,,,,,
C0211,1,TAVC-TRANSMIT-000731,,own_document,(mail number),AI-drafted Golden label (proposed_reference),,,,,,
C0211,2,K&A-WTRAN-000913,,unclassified,,AI-drafted Golden label (proposed_reference),,,,,,
C0212,1,A23-EFE-MAT-E-00033,,own_document,"(Ref. No., faint; medium confidence)",AI-drafted Golden label (proposed_reference),,,,,,
C0213,1,A23-EFE-MAT-E-00033,,own_document,,AI-drafted Golden label (proposed_reference),,,,,,
C0214,1,A23-EFE-MAT-E-00033,,own_document,,AI-drafted Golden label (proposed_reference),,,,,,
C0215,1,A23-EFECO-MAT-E-00033,,own_document,,AI-drafted Golden label (proposed_reference),,,,,,
C0216,1,A23-EFECO-MAT-E-00033,,own_document,,AI-drafted Golden label (proposed_reference),,,,,,
C0217,1,absent,,own_document,,AI-drafted Golden label (proposed_reference),,,,,,
C0218,1,absent,,own_document,,AI-drafted Golden label (proposed_reference),,,,,,
C0219,1,absent,,own_document,,AI-drafted Golden label (proposed_reference),,,,,,
C0220,1,TAVC-TRANSMIT-011156,,own_document,(mail number),AI-drafted Golden label (proposed_reference),,,,,,
C0220,2,K&A-WTRAN-020525,,unclassified,,AI-drafted Golden label (proposed_reference),,,,,,
C0221,1,345-LA-SS-5A-20002,,own_document,,AI-drafted Golden label (proposed_reference),,,,,,
C0221,2,R1029-05-BSB-DWG-ALL-ARC-1282,,referenced_document,read from the sheet's reference table or a part number,AI-prepared from review 07 finding F11 -- not human,,,,,,
C0222,1,R1029-18-AUR-DWG-GFL-PUA-INF-53001,,own_document,,AI-drafted Golden label (proposed_reference),,,,,,
C0222,2,R1029-18-AUR-DWG-GFL-PUA-INF-53000,,referenced_document,read from the sheet's reference table or a part number,AI-prepared from review 07 finding F11 -- not human,,,,,,
C0223,1,R1029-16-IBA-DWG-L01-FAS-1231,,own_document,,AI-drafted Golden label (proposed_reference),,,,,,
C0224,1,R1029-08-IFS-DWG-L07-ICT-1207,,own_document,,AI-drafted Golden label (proposed_reference),,,,,,
C0224,2,R1029-07-IFS-DWG-ALL-GRO-ICT-8107,,referenced_document,read from the sheet's reference table or a part number,AI-prepared from review 07 finding F11 -- not human,,,,,,
C0225,1,345-LA-HS-5C-11000,,own_document,,AI-drafted Golden label (proposed_reference),,,,,,
C0225,2,R1029-03-BSB-DWG-GFL-ARC-1224,,referenced_document,read from the sheet's reference table or a part number,AI-prepared from review 07 finding F11 -- not human,,,,,,
C0226,1,R1029-07-W&A-DWG-TYP-GRO-INT-9011-01,,own_document,,AI-drafted Golden label (proposed_reference),,,,,,
C0226,2,A-DWG-TYP-GRO-INT-1102-01,,referenced_document,read from the sheet's reference table or a part number,AI-prepared from review 07 finding F11 -- not human,,,,,,
C0227,1,R1029-08-W&A-DWG-L05-PUA-INT-3250,,own_document,,AI-drafted Golden label (proposed_reference),,,,,,
C0227,2,A-DWG-L05-PUA-INT-3250,,referenced_document,read from the sheet's reference table or a part number,AI-prepared from review 07 finding F11 -- not human,,,,,,
C0228,1,R1029-CSCEC-MEP-SD-MGM1-L01-FAS-1201,,own_document,,AI-drafted Golden label (proposed_reference),,,,,,
C0229,1,R1029-07-W&A-DWG-L05-PUA-INT-3114,,own_document,,AI-drafted Golden label (proposed_reference),,,,,,
C0229,2,A-DWG-L05-PUA-INT-3114,,referenced_document,read from the sheet's reference table or a part number,AI-prepared from review 07 finding F11 -- not human,,,,,,
C0230,1,R1029-08-W&A-DWG-L14-GRO-INT-4315-01,,own_document,(municipality A-00-0000),AI-drafted Golden label (proposed_reference),,,,,,
C0230,2,A-DWG-TYP-GRO-INT-1102-01,,referenced_document,read from the sheet's reference table or a part number,AI-prepared from review 07 finding F11 -- not human,,,,,,
C0231,1,R1029-CSCEC-MEP-SD-MGM1-L08-FAS-1208,,own_document,,AI-drafted Golden label (proposed_reference),,,,,,
C0232,1,R1029-01-IBA-DWG-ALL-FAS-6601,,own_document,(municipality FA-01-001),AI-drafted Golden label (proposed_reference),,,,,,
C0233,1,R1029-CSCEC-MEP-SD-MGM1-B01-FAS-1199,,own_document,,AI-drafted Golden label (proposed_reference),,,,,,
C0234,1,R1029-CSCEC-MEP-SD-P&B-GFL-EML-1220-01,,own_document,,AI-drafted Golden label (proposed_reference),,,,,,
C0235,1,R1029-CSCEC-MEP-SD-MGM1-L8-EML-1208-01,,own_document,,AI-drafted Golden label (proposed_reference),,,,,,
C0236,1,R1029-05-IBA-DWG-GFL-GAS-1200,,own_document,,AI-drafted Golden label (proposed_reference),,,,,,
C0237,1,R1029-05-IBA-DWG-L01-GAS-1201,,own_document,,AI-drafted Golden label (proposed_reference),,,,,,
C0238,1,R1029-05-IBA-DWG-L05-GAS-1205,,own_document,,AI-drafted Golden label (proposed_reference),,,,,,
C0239,1,R1029-05-IBA-DWG-L06-GAS-1206,,own_document,,AI-drafted Golden label (proposed_reference),,,,,,
C0240,1,R1029-05-IBA-DWG-L07-GAS-1207,,own_document,,AI-drafted Golden label (proposed_reference),,,,,,
C0241,1,R1029-05-IBA-DWG-L08-GAS-1208,,own_document,,AI-drafted Golden label (proposed_reference),,,,,,
C0242,1,R1029-05-IBA-DWG-L09-GAS-1209,,own_document,,AI-drafted Golden label (proposed_reference),,,,,,
C0243,1,R1029-05-IBA-DWG-L10-GAS-1210,,own_document,,AI-drafted Golden label (proposed_reference),,,,,,
C0244,1,R1029-05-IBA-DWG-B01-GAS-1199,,own_document,,AI-drafted Golden label (proposed_reference),,,,,,
C0244,2,R1029-02-IBA-DWG-B01-GAS-1213,,referenced_document,read from the sheet's reference table or a part number,AI-prepared from review 07 finding F11 -- not human,,,,,,
C0245,1,L0749,,own_document,(from the file name),AI-drafted Golden label (proposed_reference),,,,,,
C0245,2,10789-CSCEC-OUT-L0,,unclassified,(letter reference; literal as OCR read it),AI-prepared from review 07 finding F10 -- not human,,,,,,
C0246,1,unlabelled,,own_document,,AI-drafted Golden label (proposed_reference),,,,,,
C0247,1,TR/1932/25,,own_document,,AI-drafted Golden label (proposed_reference),,,,,,
C0248,1,TR/1774/24,,own_document,,AI-drafted Golden label (proposed_reference),,,,,,
C0249,1,R1029-CSCEC-MEP-EL-0015-Rev. 01,,own_document,(Request for Information #),AI-drafted Golden label (proposed_reference),,,,,,
C0250,1,R1029-CSM-CO-ELV-EL-MTG-PJW-ZZZ-ZZZ-1020,,own_document,,AI-drafted Golden label (proposed_reference),,,,,,
C0251,1,R1029-CSM-CO-ELV-EL-MTG-PJW-ZZZ-ZZZ-1020,,own_document,,AI-drafted Golden label (proposed_reference),,,,,,
C0252,1,R1029-CSM-CO-ELV-EL-MTG-PJW-ZZZ-ZZZ-1004,,own_document,,AI-drafted Golden label (proposed_reference),,,,,,
C0253,1,absent,,own_document,,AI-drafted Golden label (proposed_reference),,,,,,
C0254,1,absent,,own_document,,AI-drafted Golden label (proposed_reference),,,,,,
C0255,1,absent,,own_document,,AI-drafted Golden label (proposed_reference),,,,,,
C0256,1,absent,,own_document,,AI-drafted Golden label (proposed_reference),,,,,,
C0257,1,absent,,own_document,,AI-drafted Golden label (proposed_reference),,,,,,
C0258,1,absent,,own_document,,AI-drafted Golden label (proposed_reference),,,,,,
C0259,1,absent,,own_document,,AI-drafted Golden label (proposed_reference),,,,,,
C0260,1,absent,,own_document,,AI-drafted Golden label (proposed_reference),,,,,,
C0261,1,LPO/1050000159,,own_document,"(Doc No., small; medium confidence)",AI-drafted Golden label (proposed_reference),,,,,,
C0262,1,2941,,own_document,"(DRF No., handwritten)",AI-drafted Golden label (proposed_reference),,,,,,
C0263,1,absent,,own_document,,AI-drafted Golden label (proposed_reference),,,,,,
C0264,1,absent,,own_document,,AI-drafted Golden label (proposed_reference),,,,,,
C0265,1,TR/1995/25,,own_document,,AI-drafted Golden label (proposed_reference),,,,,,
C0266,1,MTS-E-0018,,own_document,,AI-drafted Golden label (proposed_reference),,,,,,
C0267,1,EP-27282/MA/TEL/201,,own_document,,AI-drafted Golden label (proposed_reference),,,,,,
C0268,1,MTS-E-0018,,own_document,,AI-drafted Golden label (proposed_reference),,,,,,
C0269,1,NG/LGC/C&M/07/2024/34-MTS-E-0018,,own_document,,AI-drafted Golden label (proposed_reference),,,,,,
C0270,1,absent,,own_document,,AI-drafted Golden label (proposed_reference),,,,,,
C0271,1,absent,,own_document,,AI-drafted Golden label (proposed_reference),,,,,,
C0272,1,absent,,own_document,,AI-drafted Golden label (proposed_reference),,,,,,
C0273,1,absent,,own_document,,AI-drafted Golden label (proposed_reference),,,,,,
C0274,1,absent,,own_document,,AI-drafted Golden label (proposed_reference),,,,,,
C0275,1,absent,,own_document,,AI-drafted Golden label (proposed_reference),,,,,,
C0276,1,absent,,own_document,,AI-drafted Golden label (proposed_reference),,,,,,
C0277,1,absent,,own_document,,AI-drafted Golden label (proposed_reference),,,,,,
C0278,1,MTS-E-0018,,own_document,,AI-drafted Golden label (proposed_reference),,,,,,
C0279,1,TR/1785/24,,own_document,,AI-drafted Golden label (proposed_reference),,,,,,
C0280,1,TR/1733/24,,own_document,,AI-drafted Golden label (proposed_reference),,,,,,
C0281,1,TR/0897/17,,own_document,,AI-drafted Golden label (proposed_reference),,,,,,
C0282,1,D15015-0200S-FS-EL-MS-0022,,own_document,,AI-drafted Golden label (proposed_reference),,,,,,
C0282,2,ICDS-DOC-01943,,own_document,(form's document number; leading I unverified),AI-prepared from review 07 finding F12 -- not human,,,,,,
C0283,1,absent,,own_document,,AI-drafted Golden label (proposed_reference),,,,,,
C0283,2,BSS/AE/ALARABIA/170315-047,Ref,own_document,,AI-prepared from review 07 finding F13 -- not human,,,,,,
C0284,1,TR/2001/17,,own_document,,AI-drafted Golden label (proposed_reference),,,,,,
C0285,1,TR/0897/17,,own_document,,AI-drafted Golden label (proposed_reference),,,,,,
C0286,1,EP-13777/AN/FA/201,,own_document,,AI-drafted Golden label (proposed_reference),,,,,,
C0287,1,absent,,own_document,,AI-drafted Golden label (proposed_reference),,,,,,
C0288,1,EP-13777/AN/FA/201,,own_document,,AI-drafted Golden label (proposed_reference),,,,,,
C0289,1,absent,,own_document,,AI-drafted Golden label (proposed_reference),,,,,,
C0290,1,EP-14119-R.01,,own_document,(Reference),AI-drafted Golden label (proposed_reference),,,,,,
C0291,1,EP-14119-R.01,,own_document,(Reference),AI-drafted Golden label (proposed_reference),,,,,,
C0292,1,absent,,own_document,,AI-drafted Golden label (proposed_reference),,,,,,
C0293,1,absent,,own_document,,AI-drafted Golden label (proposed_reference),,,,,,
C0294,1,absent,,own_document,,AI-drafted Golden label (proposed_reference),,,,,,
C0295,1,EP-19977,,own_document,(Reference),AI-drafted Golden label (proposed_reference),,,,,,
C0296,1,030-200032.00,,own_document,(project number),AI-drafted Golden label (proposed_reference),,,,,,
C0297,1,AKA-DCC-ID-02-SD-TL-0534L,,own_document,,AI-drafted Golden label (proposed_reference),,,,,,
C0298,1,ID 004,,own_document,,AI-drafted Golden label (proposed_reference),,,,,,
C0299,1,ID 504-10,,own_document,,AI-drafted Golden label (proposed_reference),,,,,,
C0300,1,absent,,own_document,,AI-drafted Golden label (proposed_reference),,,,,,
C0301,1,LJQ2025541 R0,,own_document,,AI-drafted Golden label (proposed_reference),,,,,,
C0302,1,SECTION 275117,,own_document,,AI-drafted Golden label (proposed_reference),,,,,,
C0303,1,absent,,own_document,,AI-drafted Golden label (proposed_reference),,,,,,
C0304,1,"VOLUME III OF XV, B - PARTICULAR SPECIFICATIONS, LIGHTING",,own_document,(PART B) 03 OF 18,AI-drafted Golden label (proposed_reference),,,,,,
C0305,1,absent,,own_document,,AI-drafted Golden label (proposed_reference),,,,,,
C0306,1,SECTION 23 37 13,,own_document,,AI-drafted Golden label (proposed_reference),,,,,,
C0307,1,SA-H2-BEST-VE-00103b,,own_document,,AI-drafted Golden label (proposed_reference),,,,,,
C0308,1,SA-H2-BEST-DR-00104,,own_document,,AI-drafted Golden label (proposed_reference),,,,,,
C0309,1,SA-H2-BEST-FF-00100f,,own_document,,AI-drafted Golden label (proposed_reference),,,,,,
C0310,1,SECTION 22 05 23,,own_document,(file named SECTION 21 13 00),AI-drafted Golden label (proposed_reference),,,,,,
C0311,1,SECTION 22 05 23,,own_document,(file named SECTION 21 13 00),AI-drafted Golden label (proposed_reference),,,,,,
C0312,1,RDJ 183-RAQ-DWG-IFC-ARC-000018,,own_document,,AI-drafted Golden label (proposed_reference),,,,,,
C0313,1,absent,,own_document,,AI-drafted Golden label (proposed_reference),,,,,,
C0314,1,absent,,own_document,,AI-drafted Golden label (proposed_reference),,,,,,
C0315,1,absent,,own_document,,AI-drafted Golden label (proposed_reference),,,,,,
C0316,1,EP-26369 R2,,own_document,(Qtn. Reference),AI-drafted Golden label (proposed_reference),,,,,,
C0317,1,JAM-SD-FA-001,,own_document,,AI-drafted Golden label (proposed_reference),,,,,,
C0318,1,JAM-SD-FA-004,,own_document,,AI-drafted Golden label (proposed_reference),,,,,,
C0319,1,C&MCG42403PH1-01-E-CCTV-2002,,own_document,,AI-drafted Golden label (proposed_reference),,,,,,
C0320,1,absent,,own_document,,AI-drafted Golden label (proposed_reference),,,,,,
C0321,1,absent,,own_document,,AI-drafted Golden label (proposed_reference),,,,,,
C0322,1,absent,,own_document,,AI-drafted Golden label (proposed_reference),,,,,,
C0323,1,EP-30058,,own_document,(Qtn. Reference as printed),AI-drafted Golden label (proposed_reference),,,,,,
C0324,1,absent,,own_document,,AI-drafted Golden label (proposed_reference),,,,,,
C0325,1,PD - VT-101,,own_document,,AI-drafted Golden label (proposed_reference),,,,,,
C0326,1,FDR - LS 000,,own_document,,AI-drafted Golden label (proposed_reference),,,,,,
C0327,1,FDR - LS 000,,own_document,,AI-drafted Golden label (proposed_reference),,,,,,
C0328,1,ICC-DLRC-SPM-SD-MEP/FA-106,,own_document,,AI-drafted Golden label (proposed_reference),,,,,,
C0329,1,absent,,own_document,,AI-drafted Golden label (proposed_reference),,,,,,
C0330,1,absent,,own_document,,AI-drafted Golden label (proposed_reference),,,,,,
C0331,1,absent,,own_document,,AI-drafted Golden label (proposed_reference),,,,,,
C0332,1,ICC-DLRC-SPM-SD-MEP/EM-103,,own_document,,AI-drafted Golden label (proposed_reference),,,,,,
C0333,1,ICC-DLRC-SPM-SD-MEP/EM-104 A,,own_document,,AI-drafted Golden label (proposed_reference),,,,,,
C0334,1,SECTION 210517,,own_document,,AI-drafted Golden label (proposed_reference),,,,,,
C0335,1,BBY006-GEC-SDW-ID-FT-T02-ZZZ-012220,,own_document,,AI-drafted Golden label (proposed_reference),,,,,,
C0336,1,SM-116,,own_document,,AI-drafted Golden label (proposed_reference),,,,,,
C0337,1,BBY006-GME-SDW-EL-LI-ZZZ-L58-010042,,own_document,,AI-drafted Golden label (proposed_reference),,,,,,
C0338,1,absent,,own_document,,AI-drafted Golden label (proposed_reference),,,,,,
C0339,1,absent,,own_document,,AI-drafted Golden label (proposed_reference),,,,,,
