pool_id,ep,stratum,field,draft_carries_fact,draft_pages_present_resolved,draft_document_confidence,draft_unresolved,reviewer_field_resolved_for_scoring,reviewer_carries_fact,reviewer_note
F001,3563,review_signal,identity,yes,1,medium,decision class for the printed option 'Approved as noted / Resubmit' recorded as approved as noted; reviewer to rule,,,
F001,3563,review_signal,revision,yes,1,medium,decision class for the printed option 'Approved as noted / Resubmit' recorded as approved as noted; reviewer to rule,,,
F001,3563,review_signal,decision,yes,2,medium,decision class for the printed option 'Approved as noted / Resubmit' recorded as approved as noted; reviewer to rule,,,
F002,29255,review_signal,identity,yes,1 2 4,medium,p1 revision: 'R1' is a red suffix 'B R1' with no printed revision label (association uncertain),,,
F002,29255,review_signal,revision,yes,2 4,medium,p1 revision: 'R1' is a red suffix 'B R1' with no printed revision label (association uncertain),,,
F002,29255,review_signal,decision,yes,1 2 4,medium,p1 revision: 'R1' is a red suffix 'B R1' with no printed revision label (association uncertain),,,
F003,29255,review_signal,identity,yes,1,medium,revision: only the R00 suffix of the reference; the table revision belongs to the enclosed drawing (association uncertain),,,
F003,29255,review_signal,revision,no,,medium,revision: only the R00 suffix of the reference; the table revision belongs to the enclosed drawing (association uncertain),,,
F003,29255,review_signal,decision,yes,1,medium,revision: only the R00 suffix of the reference; the table revision belongs to the enclosed drawing (association uncertain),,,
F004,29255,review_signal,identity,yes,1,medium,revision: only the R00 suffix of the reference; the table revision belongs to the enclosed drawing (association uncertain),,,
F004,29255,review_signal,revision,no,,medium,revision: only the R00 suffix of the reference; the table revision belongs to the enclosed drawing (association uncertain),,,
F004,29255,review_signal,decision,yes,1,medium,revision: only the R00 suffix of the reference; the table revision belongs to the enclosed drawing (association uncertain),,,
F005,29255,review_signal,identity,yes,1,medium,revision: only the R00 suffix of the reference; the table revision belongs to the enclosed drawing (association uncertain),,,
F005,29255,review_signal,revision,no,,medium,revision: only the R00 suffix of the reference; the table revision belongs to the enclosed drawing (association uncertain),,,
F005,29255,review_signal,decision,yes,1,medium,revision: only the R00 suffix of the reference; the table revision belongs to the enclosed drawing (association uncertain),,,
F006,29255,review_signal,identity,yes,1 2,medium,revision on both pages only as the R02 suffix of the reference (association uncertain) | identity literal differs between page 1 (with -LC-) and page 2 (without),,,
F006,29255,review_signal,revision,no,,medium,revision on both pages only as the R02 suffix of the reference (association uncertain) | identity literal differs between page 1 (with -LC-) and page 2 (without),,,
F006,29255,review_signal,decision,yes,1 2,medium,revision on both pages only as the R02 suffix of the reference (association uncertain) | identity literal differs between page 1 (with -LC-) and page 2 (without),,,
F007,29255,review_signal,identity,yes,1 2,medium,p1 revision only as the R00 suffix of the reference (association uncertain),,,
F007,29255,review_signal,revision,yes,2,medium,p1 revision only as the R00 suffix of the reference (association uncertain),,,
F007,29255,review_signal,decision,yes,1 2,medium,p1 revision only as the R00 suffix of the reference (association uncertain),,,
F008,27331,review_signal,identity,yes,1 3 4,medium,"p3 decision: one status letter per listed drawing, actor inferred (association uncertain)",,,
F008,27331,review_signal,revision,yes,1 3 4,medium,"p3 decision: one status letter per listed drawing, actor inferred (association uncertain)",,,
F008,27331,review_signal,decision,yes,1 4,medium,"p3 decision: one status letter per listed drawing, actor inferred (association uncertain)",,,
F009,27331,review_signal,identity,yes,1 3 4,high,,,,
F009,27331,review_signal,revision,yes,1 3 4,high,,,,
F009,27331,review_signal,decision,yes,1 4,high,,,,
F010,3563,review_signal,identity,yes,1,medium,"decision mark is a red stroke continuing from the reviewer's initials into the APPROVED AS NOTED box, not a separate tick",,,
F010,3563,review_signal,revision,yes,1,medium,"decision mark is a red stroke continuing from the reviewer's initials into the APPROVED AS NOTED box, not a separate tick",,,
F010,3563,review_signal,decision,yes,1,medium,"decision mark is a red stroke continuing from the reviewer's initials into the APPROVED AS NOTED box, not a separate tick",,,
F011,29255,review_signal,identity,yes,1 2,medium,p1 revision only as the R00 suffix of the reference (association uncertain),,,
F011,29255,review_signal,revision,yes,2,medium,p1 revision only as the R00 suffix of the reference (association uncertain),,,
F011,29255,review_signal,decision,yes,1 2,medium,p1 revision only as the R00 suffix of the reference (association uncertain),,,
F012,3563,review_signal,identity,yes,1,high,,,,
F012,3563,review_signal,revision,yes,1,high,,,,
F012,3563,review_signal,decision,yes,1,high,,,,
F013,27331,review_signal,identity,yes,1 3 4,medium,"p3 decision: status letter for the listed drawing, actor inferred (association uncertain)",,,
F013,27331,review_signal,revision,yes,1 3 4,medium,"p3 decision: status letter for the listed drawing, actor inferred (association uncertain)",,,
F013,27331,review_signal,decision,yes,1 4,medium,"p3 decision: status letter for the listed drawing, actor inferred (association uncertain)",,,
F014,3563,review_signal,identity,yes,1 2 3 4,medium,identity: split DISCIPLINE / DRAWING NO. cells; the label keeps the drawing-number cell only | decision: authority approval stamp plus a faint 'FOR INFORMATION ONLY' sheet status; reviewer to rule,,,
F014,3563,review_signal,revision,yes,1 2 3 4,medium,identity: split DISCIPLINE / DRAWING NO. cells; the label keeps the drawing-number cell only | decision: authority approval stamp plus a faint 'FOR INFORMATION ONLY' sheet status; reviewer to rule,,,
F014,3563,review_signal,decision,yes,1 2 3 4,medium,identity: split DISCIPLINE / DRAWING NO. cells; the label keeps the drawing-number cell only | decision: authority approval stamp plus a faint 'FOR INFORMATION ONLY' sheet status; reviewer to rule,,,
F015,29255,review_signal,identity,yes,1,medium,revision: only the R00 suffix of the reference; the table revision belongs to the enclosed drawing (association uncertain),,,
F015,29255,review_signal,revision,no,,medium,revision: only the R00 suffix of the reference; the table revision belongs to the enclosed drawing (association uncertain),,,
F015,29255,review_signal,decision,yes,1,medium,revision: only the R00 suffix of the reference; the table revision belongs to the enclosed drawing (association uncertain),,,
F016,3563,review_signal,identity,yes,1 2 3 4,medium,identity: split DISCIPLINE / DRAWING NO. cells; the label keeps the drawing-number cell only | decision: authority approval stamp plus a faint 'FOR INFORMATION ONLY' sheet status; reviewer to rule,,,
F016,3563,review_signal,revision,yes,1 2 3 4,medium,identity: split DISCIPLINE / DRAWING NO. cells; the label keeps the drawing-number cell only | decision: authority approval stamp plus a faint 'FOR INFORMATION ONLY' sheet status; reviewer to rule,,,
F016,3563,review_signal,decision,yes,1 2 3 4,medium,identity: split DISCIPLINE / DRAWING NO. cells; the label keeps the drawing-number cell only | decision: authority approval stamp plus a faint 'FOR INFORMATION ONLY' sheet status; reviewer to rule,,,
F017,3563,review_signal,identity,yes,1,medium,decision class for 'APPROVED AS NOTED / RESUBMIT' recorded as approved as noted; reviewer to rule,,,
F017,3563,review_signal,revision,yes,1,medium,decision class for 'APPROVED AS NOTED / RESUBMIT' recorded as approved as noted; reviewer to rule,,,
F017,3563,review_signal,decision,yes,1,medium,decision class for 'APPROVED AS NOTED / RESUBMIT' recorded as approved as noted; reviewer to rule,,,
F018,3563,review_signal,identity,yes,1,high,,,,
F018,3563,review_signal,revision,yes,1,high,,,,
F018,3563,review_signal,decision,yes,1,high,,,,
F019,3563,review_signal,identity,yes,1,medium,"revision: title-block Rev. no. prints 00 but the revision table lists 01 (09-05-16, AS PER CONSULTANT COMMENTS), the same date as the title block; which is current is not established | decision stamp faint",,,
F019,3563,review_signal,revision,no,,medium,"revision: title-block Rev. no. prints 00 but the revision table lists 01 (09-05-16, AS PER CONSULTANT COMMENTS), the same date as the title block; which is current is not established | decision stamp faint",,,
F019,3563,review_signal,decision,yes,1,medium,"revision: title-block Rev. no. prints 00 but the revision table lists 01 (09-05-16, AS PER CONSULTANT COMMENTS), the same date as the title block; which is current is not established | decision stamp faint",,,
F020,27331,review_signal,identity,yes,1 3 4,medium,"p3 decision: status letters on 3 of 4 listed drawings, actor inferred (association uncertain)",,,
F020,27331,review_signal,revision,yes,1 3 4,medium,"p3 decision: status letters on 3 of 4 listed drawings, actor inferred (association uncertain)",,,
F020,27331,review_signal,decision,yes,1 4,medium,"p3 decision: status letters on 3 of 4 listed drawings, actor inferred (association uncertain)",,,
F021,27331,review_signal,identity,yes,1 3 4,high,,,,
F021,27331,review_signal,revision,yes,1 3 4,high,,,,
F021,27331,review_signal,decision,yes,1 4,high,,,,
F022,3563,review_signal,identity,yes,1,medium,decision class for 'APPROVED AS NOTED / RESUBMIT' recorded as approved as noted; reviewer to rule,,,
F022,3563,review_signal,revision,yes,1,medium,decision class for 'APPROVED AS NOTED / RESUBMIT' recorded as approved as noted; reviewer to rule,,,
F022,3563,review_signal,decision,yes,1,medium,decision class for 'APPROVED AS NOTED / RESUBMIT' recorded as approved as noted; reviewer to rule,,,
F023,29255,review_signal,identity,yes,1,medium,low-resolution photograph: identity spacing and the decision tick should be confirmed by the reviewer,,,
F023,29255,review_signal,revision,yes,1,medium,low-resolution photograph: identity spacing and the decision tick should be confirmed by the reviewer,,,
F023,29255,review_signal,decision,yes,1,medium,low-resolution photograph: identity spacing and the decision tick should be confirmed by the reviewer,,,
F024,29255,review_signal,identity,yes,1,medium,decision: the reply sheet header restates '(B)'; recorded as no decision area (contractor document) | revision only as the R02 suffix of the reference,,,
F024,29255,review_signal,revision,no,,medium,decision: the reply sheet header restates '(B)'; recorded as no decision area (contractor document) | revision only as the R02 suffix of the reference,,,
F024,29255,review_signal,decision,no,,medium,decision: the reply sheet header restates '(B)'; recorded as no decision area (contractor document) | revision only as the R02 suffix of the reference,,,
F025,27331,review_signal,identity,yes,1 2 3 4,medium,"p2 decision: status letters per listed drawing, actor inferred (association uncertain)",,,
F025,27331,review_signal,revision,yes,1 2 3 4,medium,"p2 decision: status letters per listed drawing, actor inferred (association uncertain)",,,
F025,27331,review_signal,decision,yes,1 3 4,medium,"p2 decision: status letters per listed drawing, actor inferred (association uncertain)",,,
F026,3563,review_signal,identity,yes,1,medium,decision class for 'APPROVED AS NOTED / RESUBMIT' recorded as approved as noted; reviewer to rule,,,
F026,3563,review_signal,revision,yes,1,medium,decision class for 'APPROVED AS NOTED / RESUBMIT' recorded as approved as noted; reviewer to rule,,,
F026,3563,review_signal,decision,yes,1,medium,decision class for 'APPROVED AS NOTED / RESUBMIT' recorded as approved as noted; reviewer to rule,,,
F027,29255,review_signal,identity,no,,medium,decision class for an authority 'No Objection' recorded as approved | identity absent (no own number printed),,,
F027,29255,review_signal,revision,no,,medium,decision class for an authority 'No Objection' recorded as approved | identity absent (no own number printed),,,
F027,29255,review_signal,decision,yes,1,medium,decision class for an authority 'No Objection' recorded as approved | identity absent (no own number printed),,,
F028,27331,review_signal,identity,yes,1 3 4,medium,"p3 decision: status letters per listed item, actor inferred (association uncertain) | p4 revision: REV 00 of the commented submission inside the rev-1 package (association uncertain)",,,
F028,27331,review_signal,revision,yes,1 3,medium,"p3 decision: status letters per listed item, actor inferred (association uncertain) | p4 revision: REV 00 of the commented submission inside the rev-1 package (association uncertain)",,,
F028,27331,review_signal,decision,yes,1,medium,"p3 decision: status letters per listed item, actor inferred (association uncertain) | p4 revision: REV 00 of the commented submission inside the rev-1 package (association uncertain)",,,
F029,29255,review_signal,identity,yes,1,medium,revision taken from the subject line 'SCS Rev.00' (literal kept as printed),,,
F029,29255,review_signal,revision,no,,medium,revision taken from the subject line 'SCS Rev.00' (literal kept as printed),,,
F029,29255,review_signal,decision,no,,medium,revision taken from the subject line 'SCS Rev.00' (literal kept as printed),,,
F030,27331,review_signal,identity,yes,1 3 4,medium,"decision class for 'Code B+Resubmit' / 'B+R' (approved with comments plus resubmission) recorded as approved as noted; reviewer to rule | p3 decision: status per listed drawing, actor inferred (association uncertain)",,,
F030,27331,review_signal,revision,yes,1 3 4,medium,"decision class for 'Code B+Resubmit' / 'B+R' (approved with comments plus resubmission) recorded as approved as noted; reviewer to rule | p3 decision: status per listed drawing, actor inferred (association uncertain)",,,
F030,27331,review_signal,decision,yes,1 4,medium,"decision class for 'Code B+Resubmit' / 'B+R' (approved with comments plus resubmission) recorded as approved as noted; reviewer to rule | p3 decision: status per listed drawing, actor inferred (association uncertain)",,,
F031,3563,review_signal,identity,yes,1 3,medium,content duplicate: pages 1-2 are pixel-identical to F001 pages 1-2; the frozen convention merges only byte-identical files; reviewer to rule whether F001 and F031 count once | decision class for 'Approved as noted / Resubmit' (as F001),,,
F031,3563,review_signal,revision,yes,1 3,medium,content duplicate: pages 1-2 are pixel-identical to F001 pages 1-2; the frozen convention merges only byte-identical files; reviewer to rule whether F001 and F031 count once | decision class for 'Approved as noted / Resubmit' (as F001),,,
F031,3563,review_signal,decision,yes,2,medium,content duplicate: pages 1-2 are pixel-identical to F001 pages 1-2; the frozen convention merges only byte-identical files; reviewer to rule whether F001 and F031 count once | decision class for 'Approved as noted / Resubmit' (as F001),,,
F032,27331,review_signal,identity,yes,1 3 4,medium,"p3 decision: status letters per listed item, actor inferred (association uncertain)",,,
F032,27331,review_signal,revision,yes,1 3 4,medium,"p3 decision: status letters per listed item, actor inferred (association uncertain)",,,
F032,27331,review_signal,decision,yes,1 4,medium,"p3 decision: status letters per listed item, actor inferred (association uncertain)",,,
F033,3563,review_signal,identity,yes,1,medium,decision class for 'APPROVED AS NOTED / RESUBMIT' recorded as approved as noted; reviewer to rule,,,
F033,3563,review_signal,revision,yes,1,medium,decision class for 'APPROVED AS NOTED / RESUBMIT' recorded as approved as noted; reviewer to rule,,,
F033,3563,review_signal,decision,yes,1,medium,decision class for 'APPROVED AS NOTED / RESUBMIT' recorded as approved as noted; reviewer to rule,,,
F034,27331,review_signal,identity,yes,1 3 4,medium,"p3 decision: status letters per listed item, actor inferred (association uncertain)",,,
F034,27331,review_signal,revision,yes,1 3 4,medium,"p3 decision: status letters per listed item, actor inferred (association uncertain)",,,
F034,27331,review_signal,decision,yes,1 4,medium,"p3 decision: status letters per listed item, actor inferred (association uncertain)",,,
F035,22349,review_signal,identity,yes,1 2 3 4,medium,each page is a separate component (a different project's document); the reviewer to rule whether page-level labels of one compilation file count as one document | p2 revision: handwritten 'X' and circled '2' in an otherwise blank cell (illegible as a revision) | p3 decision: mixed approval / replacement statement (ambiguous),,,
F035,22349,review_signal,revision,yes,1 3 4,medium,each page is a separate component (a different project's document); the reviewer to rule whether page-level labels of one compilation file count as one document | p2 revision: handwritten 'X' and circled '2' in an otherwise blank cell (illegible as a revision) | p3 decision: mixed approval / replacement statement (ambiguous),,,
F035,22349,review_signal,decision,yes,1 2 4,medium,each page is a separate component (a different project's document); the reviewer to rule whether page-level labels of one compilation file count as one document | p2 revision: handwritten 'X' and circled '2' in an otherwise blank cell (illegible as a revision) | p3 decision: mixed approval / replacement statement (ambiguous),,,
F036,27331,review_signal,identity,yes,1 3 4,medium,"p3 decision: status letters per listed item (10 rows), actor inferred (association uncertain)",,,
F036,27331,review_signal,revision,yes,1 3 4,medium,"p3 decision: status letters per listed item (10 rows), actor inferred (association uncertain)",,,
F036,27331,review_signal,decision,yes,1 4,medium,"p3 decision: status letters per listed item (10 rows), actor inferred (association uncertain)",,,
F037,27331,review_signal,identity,yes,1 2 3,medium,"p2 decision: status letter for the listed drawing, actor inferred (association uncertain)",,,
F037,27331,review_signal,revision,yes,1 2 3,medium,"p2 decision: status letter for the listed drawing, actor inferred (association uncertain)",,,
F037,27331,review_signal,decision,yes,1 3,medium,"p2 decision: status letter for the listed drawing, actor inferred (association uncertain)",,,
F038,22349,review_signal,identity,yes,1 2 3 4,medium,decision class for an authority approval subject to conditions / initial (preliminary) approval recorded as approved; reviewer to rule,,,
F038,22349,review_signal,revision,no,,medium,decision class for an authority approval subject to conditions / initial (preliminary) approval recorded as approved; reviewer to rule,,,
F038,22349,review_signal,decision,yes,1 2 3 4,medium,decision class for an authority approval subject to conditions / initial (preliminary) approval recorded as approved; reviewer to rule,,,
F039,26687,review_signal,identity,yes,1 2,medium,p1 revision only as the '-R0' suffix of the enclosed drawing's description (association uncertain),,,
F039,26687,review_signal,revision,yes,2,medium,p1 revision only as the '-R0' suffix of the enclosed drawing's description (association uncertain),,,
F039,26687,review_signal,decision,yes,1 2,medium,p1 revision only as the '-R0' suffix of the enclosed drawing's description (association uncertain),,,
F040,26687,review_signal,identity,yes,1 2,medium,p1 revision only as the '-R0' suffix of the enclosed drawing's description (association uncertain),,,
F040,26687,review_signal,revision,yes,2,medium,p1 revision only as the '-R0' suffix of the enclosed drawing's description (association uncertain),,,
F040,26687,review_signal,decision,yes,1 2,medium,p1 revision only as the '-R0' suffix of the enclosed drawing's description (association uncertain),,,
F041,26687,drawing_signal,identity,yes,1,high,,,,
F041,26687,drawing_signal,revision,yes,1,high,,,,
F041,26687,drawing_signal,decision,no,,high,,,,
F042,22349,drawing_signal,identity,yes,1,high,,,,
F042,22349,drawing_signal,revision,no,,high,,,,
F042,22349,drawing_signal,decision,no,,high,,,,
F043,15744,drawing_signal,identity,yes,1,medium,pages 2-4: own identity ambiguous (annex page id vs annex letter) | page 1 identity in Arabic script with Arabic-Indic digits: literal kept as printed; reviewer to confirm,,,
F043,15744,drawing_signal,revision,no,,medium,pages 2-4: own identity ambiguous (annex page id vs annex letter) | page 1 identity in Arabic script with Arabic-Indic digits: literal kept as printed; reviewer to confirm,,,
F043,15744,drawing_signal,decision,no,,medium,pages 2-4: own identity ambiguous (annex page id vs annex letter) | page 1 identity in Arabic script with Arabic-Indic digits: literal kept as printed; reviewer to confirm,,,
F044,22349,drawing_signal,identity,yes,1,high,,,,
F044,22349,drawing_signal,revision,no,,high,,,,
F044,22349,drawing_signal,decision,no,,high,,,,
F045,22349,drawing_signal,identity,no,,high,,,,
F045,22349,drawing_signal,revision,no,,high,,,,
F045,22349,drawing_signal,decision,no,,high,,,,
F046,26687,drawing_signal,identity,yes,1,medium,near-duplicate of F059 (see F059),,,
F046,26687,drawing_signal,revision,yes,1,medium,near-duplicate of F059 (see F059),,,
F046,26687,drawing_signal,decision,no,,medium,near-duplicate of F059 (see F059),,,
F047,22349,drawing_signal,identity,yes,1,high,,,,
F047,22349,drawing_signal,revision,no,,high,,,,
F047,22349,drawing_signal,decision,no,,high,,,,
F048,22349,drawing_signal,identity,yes,1,high,,,,
F048,22349,drawing_signal,revision,no,,high,,,,
F048,22349,drawing_signal,decision,no,,high,,,,
F049,22349,drawing_signal,identity,yes,1,high,,,,
F049,22349,drawing_signal,revision,no,,high,,,,
F049,22349,drawing_signal,decision,no,,high,,,,
F050,26687,drawing_signal,identity,yes,1,high,,,,
F050,26687,drawing_signal,revision,yes,1,high,,,,
F050,26687,drawing_signal,decision,no,,high,,,,
F051,22349,drawing_signal,identity,yes,1,high,,,,
F051,22349,drawing_signal,revision,no,,high,,,,
F051,22349,drawing_signal,decision,no,,high,,,,
F053,22349,drawing_signal,identity,yes,1,high,,,,
F053,22349,drawing_signal,revision,no,,high,,,,
F053,22349,drawing_signal,decision,no,,high,,,,
F054,22349,drawing_signal,identity,yes,1,high,,,,
F054,22349,drawing_signal,revision,no,,high,,,,
F054,22349,drawing_signal,decision,no,,high,,,,
F055,15744,drawing_signal,identity,no,,high,,,,
F055,15744,drawing_signal,revision,no,,high,,,,
F055,15744,drawing_signal,decision,no,,high,,,,
F056,26687,drawing_signal,identity,yes,1,high,,,,
F056,26687,drawing_signal,revision,yes,1,high,,,,
F056,26687,drawing_signal,decision,no,,high,,,,
F057,26687,drawing_signal,identity,yes,1,high,,,,
F057,26687,drawing_signal,revision,yes,1,high,,,,
F057,26687,drawing_signal,decision,no,,high,,,,
F058,26687,drawing_signal,identity,yes,1,high,,,,
F058,26687,drawing_signal,revision,yes,1,high,,,,
F058,26687,drawing_signal,decision,no,,high,,,,
F059,26687,drawing_signal,identity,yes,1,medium,"near-duplicate of F046 (same drawing and revision, different export: file and render hashes differ); the frozen convention merges only byte-identical files; reviewer to rule whether F046 and F059 count once",,,
F059,26687,drawing_signal,revision,yes,1,medium,"near-duplicate of F046 (same drawing and revision, different export: file and render hashes differ); the frozen convention merges only byte-identical files; reviewer to rule whether F046 and F059 count once",,,
F059,26687,drawing_signal,decision,no,,medium,"near-duplicate of F046 (same drawing and revision, different export: file and render hashes differ); the frozen convention merges only byte-identical files; reviewer to rule whether F046 and F059 count once",,,
F060,26687,drawing_signal,identity,yes,1,high,,,,
F060,26687,drawing_signal,revision,yes,1,high,,,,
F060,26687,drawing_signal,decision,no,,high,,,,
F061,15744,other,identity,yes,1 2 3 4,high,,,,
F061,15744,other,revision,no,,high,,,,
F061,15744,other,decision,no,,high,,,,
F062,15744,other,identity,yes,1,high,,,,
F062,15744,other,revision,no,,high,,,,
F062,15744,other,decision,no,,high,,,,
F063,15744,other,identity,yes,1,high,,,,
F063,15744,other,revision,no,,high,,,,
F063,15744,other,decision,no,,high,,,,
F064,15744,other,identity,no,,high,,,,
F064,15744,other,revision,no,,high,,,,
F064,15744,other,decision,no,,high,,,,
F065,15744,other,identity,no,,high,,,,
F065,15744,other,revision,no,,high,,,,
F065,15744,other,decision,no,,high,,,,
F066,26687,other,identity,no,,high,,,,
F066,26687,other,revision,no,,high,,,,
F066,26687,other,decision,no,,high,,,,
F067,15744,other,identity,yes,1,medium,decision: dated stamp in the AUTHORITIES APPROVAL box without legible decision wording (ambiguous),,,
F067,15744,other,revision,yes,1,medium,decision: dated stamp in the AUTHORITIES APPROVAL box without legible decision wording (ambiguous),,,
F067,15744,other,decision,no,,medium,decision: dated stamp in the AUTHORITIES APPROVAL box without legible decision wording (ambiguous),,,
F068,15744,other,identity,no,,high,,,,
F068,15744,other,revision,no,,high,,,,
F068,15744,other,decision,no,,high,,,,
F069,15744,other,identity,yes,1 3,medium,the file holds two quotations (pages 1-2 and 3-4) with the same reference: one document or two components; reviewer to rule,,,
F069,15744,other,revision,no,,medium,the file holds two quotations (pages 1-2 and 3-4) with the same reference: one document or two components; reviewer to rule,,,
F069,15744,other,decision,no,,medium,the file holds two quotations (pages 1-2 and 3-4) with the same reference: one document or two components; reviewer to rule,,,
F071,15744,other,identity,no,,high,,,,
F071,15744,other,revision,no,,high,,,,
F071,15744,other,decision,no,,high,,,,
F072,26687,other,identity,yes,1,high,,,,
F072,26687,other,revision,no,,high,,,,
F072,26687,other,decision,yes,1,high,,,,
